--
-- PostgreSQL database dump
--

-- Dumped from database version 14.8 (Homebrew)
-- Dumped by pg_dump version 14.8 (Homebrew)

SET statement_timeout = 0;
SET lock_timeout = 0;
SET idle_in_transaction_session_timeout = 0;
SET client_encoding = 'UTF8';
SET standard_conforming_strings = on;
SELECT pg_catalog.set_config('search_path', '', false);
SET check_function_bodies = false;
SET xmloption = content;
SET client_min_messages = warning;
SET row_security = off;

SET default_tablespace = '';

SET default_table_access_method = heap;

--
-- Name: ContactUs_contact; Type: TABLE; Schema: public; Owner: test
--

CREATE TABLE public."ContactUs_contact" (
    id bigint NOT NULL,
    name character varying(300) NOT NULL,
    email character varying(100) NOT NULL,
    content text NOT NULL
);


ALTER TABLE public."ContactUs_contact" OWNER TO test;

--
-- Name: ContactUs_contact_id_seq; Type: SEQUENCE; Schema: public; Owner: test
--

ALTER TABLE public."ContactUs_contact" ALTER COLUMN id ADD GENERATED BY DEFAULT AS IDENTITY (
    SEQUENCE NAME public."ContactUs_contact_id_seq"
    START WITH 1
    INCREMENT BY 1
    NO MINVALUE
    NO MAXVALUE
    CACHE 1
);


--
-- Name: Search_searchhistory; Type: TABLE; Schema: public; Owner: test
--

CREATE TABLE public."Search_searchhistory" (
    id bigint NOT NULL,
    query character varying(255) NOT NULL,
    "timestamp" timestamp with time zone NOT NULL,
    user_id bigint NOT NULL
);


ALTER TABLE public."Search_searchhistory" OWNER TO test;

--
-- Name: Search_searchhistory_id_seq; Type: SEQUENCE; Schema: public; Owner: test
--

ALTER TABLE public."Search_searchhistory" ALTER COLUMN id ADD GENERATED BY DEFAULT AS IDENTITY (
    SEQUENCE NAME public."Search_searchhistory_id_seq"
    START WITH 1
    INCREMENT BY 1
    NO MINVALUE
    NO MAXVALUE
    CACHE 1
);


--
-- Name: URLsub_urlsub; Type: TABLE; Schema: public; Owner: test
--

CREATE TABLE public."URLsub_urlsub" (
    id bigint NOT NULL,
    description text NOT NULL,
    "timestamp" timestamp with time zone NOT NULL,
    username_id bigint NOT NULL,
    url character varying(200)
);


ALTER TABLE public."URLsub_urlsub" OWNER TO test;

--
-- Name: URLsub_urlsub_id_seq; Type: SEQUENCE; Schema: public; Owner: test
--

ALTER TABLE public."URLsub_urlsub" ALTER COLUMN id ADD GENERATED BY DEFAULT AS IDENTITY (
    SEQUENCE NAME public."URLsub_urlsub_id_seq"
    START WITH 1
    INCREMENT BY 1
    NO MINVALUE
    NO MAXVALUE
    CACHE 1
);


--
-- Name: auth_group; Type: TABLE; Schema: public; Owner: test
--

CREATE TABLE public.auth_group (
    id integer NOT NULL,
    name character varying(150) NOT NULL
);


ALTER TABLE public.auth_group OWNER TO test;

--
-- Name: auth_group_id_seq; Type: SEQUENCE; Schema: public; Owner: test
--

ALTER TABLE public.auth_group ALTER COLUMN id ADD GENERATED BY DEFAULT AS IDENTITY (
    SEQUENCE NAME public.auth_group_id_seq
    START WITH 1
    INCREMENT BY 1
    NO MINVALUE
    NO MAXVALUE
    CACHE 1
);


--
-- Name: auth_group_permissions; Type: TABLE; Schema: public; Owner: test
--

CREATE TABLE public.auth_group_permissions (
    id bigint NOT NULL,
    group_id integer NOT NULL,
    permission_id integer NOT NULL
);


ALTER TABLE public.auth_group_permissions OWNER TO test;

--
-- Name: auth_group_permissions_id_seq; Type: SEQUENCE; Schema: public; Owner: test
--

ALTER TABLE public.auth_group_permissions ALTER COLUMN id ADD GENERATED BY DEFAULT AS IDENTITY (
    SEQUENCE NAME public.auth_group_permissions_id_seq
    START WITH 1
    INCREMENT BY 1
    NO MINVALUE
    NO MAXVALUE
    CACHE 1
);


--
-- Name: auth_permission; Type: TABLE; Schema: public; Owner: test
--

CREATE TABLE public.auth_permission (
    id integer NOT NULL,
    name character varying(255) NOT NULL,
    content_type_id integer NOT NULL,
    codename character varying(100) NOT NULL
);


ALTER TABLE public.auth_permission OWNER TO test;

--
-- Name: auth_permission_id_seq; Type: SEQUENCE; Schema: public; Owner: test
--

ALTER TABLE public.auth_permission ALTER COLUMN id ADD GENERATED BY DEFAULT AS IDENTITY (
    SEQUENCE NAME public.auth_permission_id_seq
    START WITH 1
    INCREMENT BY 1
    NO MINVALUE
    NO MAXVALUE
    CACHE 1
);


--
-- Name: core_blogfullrecommend; Type: TABLE; Schema: public; Owner: test
--

CREATE TABLE public.core_blogfullrecommend (
    id bigint NOT NULL,
    title character varying(200) NOT NULL,
    url character varying(200) NOT NULL,
    author character varying(200) NOT NULL,
    content text NOT NULL,
    image character varying(100),
    last_updated timestamp with time zone NOT NULL
);


ALTER TABLE public.core_blogfullrecommend OWNER TO test;

--
-- Name: core_blogfullrecommend_id_seq; Type: SEQUENCE; Schema: public; Owner: test
--

ALTER TABLE public.core_blogfullrecommend ALTER COLUMN id ADD GENERATED BY DEFAULT AS IDENTITY (
    SEQUENCE NAME public.core_blogfullrecommend_id_seq
    START WITH 1
    INCREMENT BY 1
    NO MINVALUE
    NO MAXVALUE
    CACHE 1
);


--
-- Name: core_blogfullrecommend_tags; Type: TABLE; Schema: public; Owner: test
--

CREATE TABLE public.core_blogfullrecommend_tags (
    id bigint NOT NULL,
    blogfullrecommend_id bigint NOT NULL,
    tag_id bigint NOT NULL
);


ALTER TABLE public.core_blogfullrecommend_tags OWNER TO test;

--
-- Name: core_blogfullrecommend_tags_id_seq; Type: SEQUENCE; Schema: public; Owner: test
--

ALTER TABLE public.core_blogfullrecommend_tags ALTER COLUMN id ADD GENERATED BY DEFAULT AS IDENTITY (
    SEQUENCE NAME public.core_blogfullrecommend_tags_id_seq
    START WITH 1
    INCREMENT BY 1
    NO MINVALUE
    NO MAXVALUE
    CACHE 1
);


--
-- Name: core_comment; Type: TABLE; Schema: public; Owner: test
--

CREATE TABLE public.core_comment (
    id bigint NOT NULL,
    email character varying(100) NOT NULL,
    content text NOT NULL,
    created timestamp with time zone NOT NULL,
    post_id bigint NOT NULL,
    author_id bigint NOT NULL
);


ALTER TABLE public.core_comment OWNER TO test;

--
-- Name: core_comment_id_seq; Type: SEQUENCE; Schema: public; Owner: test
--

ALTER TABLE public.core_comment ALTER COLUMN id ADD GENERATED BY DEFAULT AS IDENTITY (
    SEQUENCE NAME public.core_comment_id_seq
    START WITH 1
    INCREMENT BY 1
    NO MINVALUE
    NO MAXVALUE
    CACHE 1
);


--
-- Name: core_like; Type: TABLE; Schema: public; Owner: test
--

CREATE TABLE public.core_like (
    id bigint NOT NULL,
    post_id bigint NOT NULL
);


ALTER TABLE public.core_like OWNER TO test;

--
-- Name: core_like_id_seq; Type: SEQUENCE; Schema: public; Owner: test
--

ALTER TABLE public.core_like ALTER COLUMN id ADD GENERATED BY DEFAULT AS IDENTITY (
    SEQUENCE NAME public.core_like_id_seq
    START WITH 1
    INCREMENT BY 1
    NO MINVALUE
    NO MAXVALUE
    CACHE 1
);


--
-- Name: core_post; Type: TABLE; Schema: public; Owner: test
--

CREATE TABLE public.core_post (
    id bigint NOT NULL,
    title character varying(200) NOT NULL,
    slug character varying(200) NOT NULL,
    content text NOT NULL,
    image character varying(100),
    created_on timestamp with time zone NOT NULL,
    updated_on timestamp with time zone NOT NULL,
    author_id bigint NOT NULL
);


ALTER TABLE public.core_post OWNER TO test;

--
-- Name: core_post_id_seq; Type: SEQUENCE; Schema: public; Owner: test
--

ALTER TABLE public.core_post ALTER COLUMN id ADD GENERATED BY DEFAULT AS IDENTITY (
    SEQUENCE NAME public.core_post_id_seq
    START WITH 1
    INCREMENT BY 1
    NO MINVALUE
    NO MAXVALUE
    CACHE 1
);


--
-- Name: core_post_tags; Type: TABLE; Schema: public; Owner: test
--

CREATE TABLE public.core_post_tags (
    id bigint NOT NULL,
    post_id bigint NOT NULL,
    tag_id bigint NOT NULL
);


ALTER TABLE public.core_post_tags OWNER TO test;

--
-- Name: core_post_tags_id_seq; Type: SEQUENCE; Schema: public; Owner: test
--

ALTER TABLE public.core_post_tags ALTER COLUMN id ADD GENERATED BY DEFAULT AS IDENTITY (
    SEQUENCE NAME public.core_post_tags_id_seq
    START WITH 1
    INCREMENT BY 1
    NO MINVALUE
    NO MAXVALUE
    CACHE 1
);


--
-- Name: core_tag; Type: TABLE; Schema: public; Owner: test
--

CREATE TABLE public.core_tag (
    id bigint NOT NULL
);


ALTER TABLE public.core_tag OWNER TO test;

--
-- Name: core_tag_id_seq; Type: SEQUENCE; Schema: public; Owner: test
--

ALTER TABLE public.core_tag ALTER COLUMN id ADD GENERATED BY DEFAULT AS IDENTITY (
    SEQUENCE NAME public.core_tag_id_seq
    START WITH 1
    INCREMENT BY 1
    NO MINVALUE
    NO MAXVALUE
    CACHE 1
);


--
-- Name: core_urlsub; Type: TABLE; Schema: public; Owner: test
--

CREATE TABLE public.core_urlsub (
    id bigint NOT NULL,
    url character varying(200) NOT NULL
);


ALTER TABLE public.core_urlsub OWNER TO test;

--
-- Name: core_urlsub_id_seq; Type: SEQUENCE; Schema: public; Owner: test
--

ALTER TABLE public.core_urlsub ALTER COLUMN id ADD GENERATED BY DEFAULT AS IDENTITY (
    SEQUENCE NAME public.core_urlsub_id_seq
    START WITH 1
    INCREMENT BY 1
    NO MINVALUE
    NO MAXVALUE
    CACHE 1
);


--
-- Name: core_urlsub_tags; Type: TABLE; Schema: public; Owner: test
--

CREATE TABLE public.core_urlsub_tags (
    id bigint NOT NULL,
    urlsub_id bigint NOT NULL,
    tag_id bigint NOT NULL
);


ALTER TABLE public.core_urlsub_tags OWNER TO test;

--
-- Name: core_urlsub_tags_id_seq; Type: SEQUENCE; Schema: public; Owner: test
--

ALTER TABLE public.core_urlsub_tags ALTER COLUMN id ADD GENERATED BY DEFAULT AS IDENTITY (
    SEQUENCE NAME public.core_urlsub_tags_id_seq
    START WITH 1
    INCREMENT BY 1
    NO MINVALUE
    NO MAXVALUE
    CACHE 1
);


--
-- Name: django_admin_log; Type: TABLE; Schema: public; Owner: test
--

CREATE TABLE public.django_admin_log (
    id integer NOT NULL,
    action_time timestamp with time zone NOT NULL,
    object_id text,
    object_repr character varying(200) NOT NULL,
    action_flag smallint NOT NULL,
    change_message text NOT NULL,
    content_type_id integer,
    user_id bigint NOT NULL,
    CONSTRAINT django_admin_log_action_flag_check CHECK ((action_flag >= 0))
);


ALTER TABLE public.django_admin_log OWNER TO test;

--
-- Name: django_admin_log_id_seq; Type: SEQUENCE; Schema: public; Owner: test
--

ALTER TABLE public.django_admin_log ALTER COLUMN id ADD GENERATED BY DEFAULT AS IDENTITY (
    SEQUENCE NAME public.django_admin_log_id_seq
    START WITH 1
    INCREMENT BY 1
    NO MINVALUE
    NO MAXVALUE
    CACHE 1
);


--
-- Name: django_celery_beat_clockedschedule; Type: TABLE; Schema: public; Owner: test
--

CREATE TABLE public.django_celery_beat_clockedschedule (
    id integer NOT NULL,
    clocked_time timestamp with time zone NOT NULL
);


ALTER TABLE public.django_celery_beat_clockedschedule OWNER TO test;

--
-- Name: django_celery_beat_clockedschedule_id_seq; Type: SEQUENCE; Schema: public; Owner: test
--

ALTER TABLE public.django_celery_beat_clockedschedule ALTER COLUMN id ADD GENERATED BY DEFAULT AS IDENTITY (
    SEQUENCE NAME public.django_celery_beat_clockedschedule_id_seq
    START WITH 1
    INCREMENT BY 1
    NO MINVALUE
    NO MAXVALUE
    CACHE 1
);


--
-- Name: django_celery_beat_crontabschedule; Type: TABLE; Schema: public; Owner: test
--

CREATE TABLE public.django_celery_beat_crontabschedule (
    id integer NOT NULL,
    minute character varying(240) NOT NULL,
    hour character varying(96) NOT NULL,
    day_of_week character varying(64) NOT NULL,
    day_of_month character varying(124) NOT NULL,
    month_of_year character varying(64) NOT NULL,
    timezone character varying(63) NOT NULL
);


ALTER TABLE public.django_celery_beat_crontabschedule OWNER TO test;

--
-- Name: django_celery_beat_crontabschedule_id_seq; Type: SEQUENCE; Schema: public; Owner: test
--

ALTER TABLE public.django_celery_beat_crontabschedule ALTER COLUMN id ADD GENERATED BY DEFAULT AS IDENTITY (
    SEQUENCE NAME public.django_celery_beat_crontabschedule_id_seq
    START WITH 1
    INCREMENT BY 1
    NO MINVALUE
    NO MAXVALUE
    CACHE 1
);


--
-- Name: django_celery_beat_intervalschedule; Type: TABLE; Schema: public; Owner: test
--

CREATE TABLE public.django_celery_beat_intervalschedule (
    id integer NOT NULL,
    every integer NOT NULL,
    period character varying(24) NOT NULL
);


ALTER TABLE public.django_celery_beat_intervalschedule OWNER TO test;

--
-- Name: django_celery_beat_intervalschedule_id_seq; Type: SEQUENCE; Schema: public; Owner: test
--

ALTER TABLE public.django_celery_beat_intervalschedule ALTER COLUMN id ADD GENERATED BY DEFAULT AS IDENTITY (
    SEQUENCE NAME public.django_celery_beat_intervalschedule_id_seq
    START WITH 1
    INCREMENT BY 1
    NO MINVALUE
    NO MAXVALUE
    CACHE 1
);


--
-- Name: django_celery_beat_periodictask; Type: TABLE; Schema: public; Owner: test
--

CREATE TABLE public.django_celery_beat_periodictask (
    id integer NOT NULL,
    name character varying(200) NOT NULL,
    task character varying(200) NOT NULL,
    args text NOT NULL,
    kwargs text NOT NULL,
    queue character varying(200),
    exchange character varying(200),
    routing_key character varying(200),
    expires timestamp with time zone,
    enabled boolean NOT NULL,
    last_run_at timestamp with time zone,
    total_run_count integer NOT NULL,
    date_changed timestamp with time zone NOT NULL,
    description text NOT NULL,
    crontab_id integer,
    interval_id integer,
    solar_id integer,
    one_off boolean NOT NULL,
    start_time timestamp with time zone,
    priority integer,
    headers text NOT NULL,
    clocked_id integer,
    expire_seconds integer,
    CONSTRAINT django_celery_beat_periodictask_expire_seconds_check CHECK ((expire_seconds >= 0)),
    CONSTRAINT django_celery_beat_periodictask_priority_check CHECK ((priority >= 0)),
    CONSTRAINT django_celery_beat_periodictask_total_run_count_check CHECK ((total_run_count >= 0))
);


ALTER TABLE public.django_celery_beat_periodictask OWNER TO test;

--
-- Name: django_celery_beat_periodictask_id_seq; Type: SEQUENCE; Schema: public; Owner: test
--

ALTER TABLE public.django_celery_beat_periodictask ALTER COLUMN id ADD GENERATED BY DEFAULT AS IDENTITY (
    SEQUENCE NAME public.django_celery_beat_periodictask_id_seq
    START WITH 1
    INCREMENT BY 1
    NO MINVALUE
    NO MAXVALUE
    CACHE 1
);


--
-- Name: django_celery_beat_periodictasks; Type: TABLE; Schema: public; Owner: test
--

CREATE TABLE public.django_celery_beat_periodictasks (
    ident smallint NOT NULL,
    last_update timestamp with time zone NOT NULL
);


ALTER TABLE public.django_celery_beat_periodictasks OWNER TO test;

--
-- Name: django_celery_beat_solarschedule; Type: TABLE; Schema: public; Owner: test
--

CREATE TABLE public.django_celery_beat_solarschedule (
    id integer NOT NULL,
    event character varying(24) NOT NULL,
    latitude numeric(9,6) NOT NULL,
    longitude numeric(9,6) NOT NULL
);


ALTER TABLE public.django_celery_beat_solarschedule OWNER TO test;

--
-- Name: django_celery_beat_solarschedule_id_seq; Type: SEQUENCE; Schema: public; Owner: test
--

ALTER TABLE public.django_celery_beat_solarschedule ALTER COLUMN id ADD GENERATED BY DEFAULT AS IDENTITY (
    SEQUENCE NAME public.django_celery_beat_solarschedule_id_seq
    START WITH 1
    INCREMENT BY 1
    NO MINVALUE
    NO MAXVALUE
    CACHE 1
);


--
-- Name: django_celery_results_chordcounter; Type: TABLE; Schema: public; Owner: test
--

CREATE TABLE public.django_celery_results_chordcounter (
    id integer NOT NULL,
    group_id character varying(255) NOT NULL,
    sub_tasks text NOT NULL,
    count integer NOT NULL,
    CONSTRAINT django_celery_results_chordcounter_count_check CHECK ((count >= 0))
);


ALTER TABLE public.django_celery_results_chordcounter OWNER TO test;

--
-- Name: django_celery_results_chordcounter_id_seq; Type: SEQUENCE; Schema: public; Owner: test
--

ALTER TABLE public.django_celery_results_chordcounter ALTER COLUMN id ADD GENERATED BY DEFAULT AS IDENTITY (
    SEQUENCE NAME public.django_celery_results_chordcounter_id_seq
    START WITH 1
    INCREMENT BY 1
    NO MINVALUE
    NO MAXVALUE
    CACHE 1
);


--
-- Name: django_celery_results_groupresult; Type: TABLE; Schema: public; Owner: test
--

CREATE TABLE public.django_celery_results_groupresult (
    id integer NOT NULL,
    group_id character varying(255) NOT NULL,
    date_created timestamp with time zone NOT NULL,
    date_done timestamp with time zone NOT NULL,
    content_type character varying(128) NOT NULL,
    content_encoding character varying(64) NOT NULL,
    result text
);


ALTER TABLE public.django_celery_results_groupresult OWNER TO test;

--
-- Name: django_celery_results_groupresult_id_seq; Type: SEQUENCE; Schema: public; Owner: test
--

ALTER TABLE public.django_celery_results_groupresult ALTER COLUMN id ADD GENERATED BY DEFAULT AS IDENTITY (
    SEQUENCE NAME public.django_celery_results_groupresult_id_seq
    START WITH 1
    INCREMENT BY 1
    NO MINVALUE
    NO MAXVALUE
    CACHE 1
);


--
-- Name: django_celery_results_taskresult; Type: TABLE; Schema: public; Owner: test
--

CREATE TABLE public.django_celery_results_taskresult (
    id integer NOT NULL,
    task_id character varying(255) NOT NULL,
    status character varying(50) NOT NULL,
    content_type character varying(128) NOT NULL,
    content_encoding character varying(64) NOT NULL,
    result text,
    date_done timestamp with time zone NOT NULL,
    traceback text,
    meta text,
    task_args text,
    task_kwargs text,
    task_name character varying(255),
    worker character varying(100),
    date_created timestamp with time zone NOT NULL,
    periodic_task_name character varying(255)
);


ALTER TABLE public.django_celery_results_taskresult OWNER TO test;

--
-- Name: django_celery_results_taskresult_id_seq; Type: SEQUENCE; Schema: public; Owner: test
--

ALTER TABLE public.django_celery_results_taskresult ALTER COLUMN id ADD GENERATED BY DEFAULT AS IDENTITY (
    SEQUENCE NAME public.django_celery_results_taskresult_id_seq
    START WITH 1
    INCREMENT BY 1
    NO MINVALUE
    NO MAXVALUE
    CACHE 1
);


--
-- Name: django_content_type; Type: TABLE; Schema: public; Owner: test
--

CREATE TABLE public.django_content_type (
    id integer NOT NULL,
    app_label character varying(100) NOT NULL,
    model character varying(100) NOT NULL
);


ALTER TABLE public.django_content_type OWNER TO test;

--
-- Name: django_content_type_id_seq; Type: SEQUENCE; Schema: public; Owner: test
--

ALTER TABLE public.django_content_type ALTER COLUMN id ADD GENERATED BY DEFAULT AS IDENTITY (
    SEQUENCE NAME public.django_content_type_id_seq
    START WITH 1
    INCREMENT BY 1
    NO MINVALUE
    NO MAXVALUE
    CACHE 1
);


--
-- Name: django_migrations; Type: TABLE; Schema: public; Owner: test
--

CREATE TABLE public.django_migrations (
    id bigint NOT NULL,
    app character varying(255) NOT NULL,
    name character varying(255) NOT NULL,
    applied timestamp with time zone NOT NULL
);


ALTER TABLE public.django_migrations OWNER TO test;

--
-- Name: django_migrations_id_seq; Type: SEQUENCE; Schema: public; Owner: test
--

ALTER TABLE public.django_migrations ALTER COLUMN id ADD GENERATED BY DEFAULT AS IDENTITY (
    SEQUENCE NAME public.django_migrations_id_seq
    START WITH 1
    INCREMENT BY 1
    NO MINVALUE
    NO MAXVALUE
    CACHE 1
);


--
-- Name: django_session; Type: TABLE; Schema: public; Owner: test
--

CREATE TABLE public.django_session (
    session_key character varying(40) NOT NULL,
    session_data text NOT NULL,
    expire_date timestamp with time zone NOT NULL
);


ALTER TABLE public.django_session OWNER TO test;

--
-- Name: scraping_news; Type: TABLE; Schema: public; Owner: test
--

CREATE TABLE public.scraping_news (
    id bigint NOT NULL,
    title character varying(200) NOT NULL,
    link character varying(2083) NOT NULL,
    source character varying(30)
);


ALTER TABLE public.scraping_news OWNER TO test;

--
-- Name: scraping_news_id_seq; Type: SEQUENCE; Schema: public; Owner: test
--

ALTER TABLE public.scraping_news ALTER COLUMN id ADD GENERATED BY DEFAULT AS IDENTITY (
    SEQUENCE NAME public.scraping_news_id_seq
    START WITH 1
    INCREMENT BY 1
    NO MINVALUE
    NO MAXVALUE
    CACHE 1
);


--
-- Name: taggit_tag; Type: TABLE; Schema: public; Owner: test
--

CREATE TABLE public.taggit_tag (
    id integer NOT NULL,
    name character varying(100) NOT NULL,
    slug character varying(100) NOT NULL
);


ALTER TABLE public.taggit_tag OWNER TO test;

--
-- Name: taggit_tag_id_seq; Type: SEQUENCE; Schema: public; Owner: test
--

ALTER TABLE public.taggit_tag ALTER COLUMN id ADD GENERATED BY DEFAULT AS IDENTITY (
    SEQUENCE NAME public.taggit_tag_id_seq
    START WITH 1
    INCREMENT BY 1
    NO MINVALUE
    NO MAXVALUE
    CACHE 1
);


--
-- Name: taggit_taggeditem; Type: TABLE; Schema: public; Owner: test
--

CREATE TABLE public.taggit_taggeditem (
    id integer NOT NULL,
    object_id integer NOT NULL,
    content_type_id integer NOT NULL,
    tag_id integer NOT NULL
);


ALTER TABLE public.taggit_taggeditem OWNER TO test;

--
-- Name: taggit_taggeditem_id_seq; Type: SEQUENCE; Schema: public; Owner: test
--

ALTER TABLE public.taggit_taggeditem ALTER COLUMN id ADD GENERATED BY DEFAULT AS IDENTITY (
    SEQUENCE NAME public.taggit_taggeditem_id_seq
    START WITH 1
    INCREMENT BY 1
    NO MINVALUE
    NO MAXVALUE
    CACHE 1
);


--
-- Name: users_profile; Type: TABLE; Schema: public; Owner: test
--

CREATE TABLE public.users_profile (
    id bigint NOT NULL,
    about_me text NOT NULL,
    banner character varying(100),
    user_id bigint NOT NULL,
    avatar character varying(100),
    interests character varying(255) NOT NULL,
    timezone character varying(63) NOT NULL
);


ALTER TABLE public.users_profile OWNER TO test;

--
-- Name: users_profile_id_seq; Type: SEQUENCE; Schema: public; Owner: test
--

ALTER TABLE public.users_profile ALTER COLUMN id ADD GENERATED BY DEFAULT AS IDENTITY (
    SEQUENCE NAME public.users_profile_id_seq
    START WITH 1
    INCREMENT BY 1
    NO MINVALUE
    NO MAXVALUE
    CACHE 1
);


--
-- Name: users_user; Type: TABLE; Schema: public; Owner: test
--

CREATE TABLE public.users_user (
    id bigint NOT NULL,
    password character varying(128) NOT NULL,
    last_login timestamp with time zone,
    is_superuser boolean NOT NULL,
    username character varying(30) NOT NULL,
    email character varying(254) NOT NULL,
    is_staff boolean NOT NULL,
    is_active boolean NOT NULL
);


ALTER TABLE public.users_user OWNER TO test;

--
-- Name: users_user_groups; Type: TABLE; Schema: public; Owner: test
--

CREATE TABLE public.users_user_groups (
    id bigint NOT NULL,
    user_id bigint NOT NULL,
    group_id integer NOT NULL
);


ALTER TABLE public.users_user_groups OWNER TO test;

--
-- Name: users_user_groups_id_seq; Type: SEQUENCE; Schema: public; Owner: test
--

ALTER TABLE public.users_user_groups ALTER COLUMN id ADD GENERATED BY DEFAULT AS IDENTITY (
    SEQUENCE NAME public.users_user_groups_id_seq
    START WITH 1
    INCREMENT BY 1
    NO MINVALUE
    NO MAXVALUE
    CACHE 1
);


--
-- Name: users_user_id_seq; Type: SEQUENCE; Schema: public; Owner: test
--

ALTER TABLE public.users_user ALTER COLUMN id ADD GENERATED BY DEFAULT AS IDENTITY (
    SEQUENCE NAME public.users_user_id_seq
    START WITH 1
    INCREMENT BY 1
    NO MINVALUE
    NO MAXVALUE
    CACHE 1
);


--
-- Name: users_user_user_permissions; Type: TABLE; Schema: public; Owner: test
--

CREATE TABLE public.users_user_user_permissions (
    id bigint NOT NULL,
    user_id bigint NOT NULL,
    permission_id integer NOT NULL
);


ALTER TABLE public.users_user_user_permissions OWNER TO test;

--
-- Name: users_user_user_permissions_id_seq; Type: SEQUENCE; Schema: public; Owner: test
--

ALTER TABLE public.users_user_user_permissions ALTER COLUMN id ADD GENERATED BY DEFAULT AS IDENTITY (
    SEQUENCE NAME public.users_user_user_permissions_id_seq
    START WITH 1
    INCREMENT BY 1
    NO MINVALUE
    NO MAXVALUE
    CACHE 1
);


--
-- Data for Name: ContactUs_contact; Type: TABLE DATA; Schema: public; Owner: test
--

COPY public."ContactUs_contact" (id, name, email, content) FROM stdin;
1	Amanda Muehlbauer	amuehlbauer038@gmail.com	asdf jaksldf this is new
2	asfd	asdf@alsdjfkl.com	a sdf asd fasdf
3	name here	amuehlbauer038@gmail.com	hi
4	Amanda Muehlbauer	sadf@asdfjhkasd.com	qwer
5	Amanda Muehlbauer	sadf@asdfjhkasd.com	qwer
6	Amanda Muehlbauer	sadf@asdfjhkasd.com	qwer  asdf asdf
7	Amanda Muehlbauer	adsf@asdf.com	this is a weird site
\.


--
-- Data for Name: Search_searchhistory; Type: TABLE DATA; Schema: public; Owner: test
--

COPY public."Search_searchhistory" (id, query, "timestamp", user_id) FROM stdin;
1	ernie	2023-09-20 14:40:51.838426-05	8
2	ernie	2023-09-20 14:51:21.164-05	8
3	asdf	2023-09-20 14:51:23.93465-05	8
4	cats	2023-09-20 21:05:02.112056-05	8
5	ernie	2023-09-20 23:07:32.559842-05	8
6	asdf	2023-09-20 23:10:58.221229-05	8
7	aasdfa	2023-09-20 23:14:05.580856-05	8
8	asdf	2023-09-21 22:29:02.662271-05	8
9	asdf	2023-09-21 22:32:11.778721-05	8
10	asdf	2023-09-23 22:42:40.026844-05	8
11	ernie	2023-09-23 22:51:39.063346-05	8
12	ernie	2023-09-24 00:57:39.501887-05	8
13	ernie	2023-09-24 10:54:39.339225-05	8
14	ernie	2023-09-24 18:47:09.063567-05	8
15	ernie	2023-09-24 18:49:50.667026-05	8
16	ernie	2023-09-24 18:50:17.120448-05	8
17	asdf	2023-09-24 18:53:23.229504-05	8
18	asdf	2023-09-24 19:19:32.767328-05	8
19	ernie	2023-09-24 23:38:39.805944-05	8
20	ernie	2023-09-24 23:45:45.073378-05	8
21	ernie	2023-09-25 11:47:28.19796-05	8
22	ernie	2023-09-25 11:51:07.477641-05	8
23	ernie	2023-09-25 11:51:08.103414-05	8
24	ernie	2023-09-25 11:53:24.343962-05	8
25	asd	2023-09-25 11:57:10.739639-05	8
26	asdf	2023-09-25 11:57:12.451564-05	8
27	asdf	2023-09-25 11:57:51.578089-05	8
28	asdf	2023-09-25 11:57:52.303557-05	8
29	ernie	2023-09-25 18:14:11.942442-05	8
\.


--
-- Data for Name: URLsub_urlsub; Type: TABLE DATA; Schema: public; Owner: test
--

COPY public."URLsub_urlsub" (id, description, "timestamp", username_id, url) FROM stdin;
1	asdfa sdf	2023-09-11 15:50:05.931962-05	3	
2	this is a blog about food	2023-09-11 16:24:48.255789-05	8	
3	this is a blog about food	2023-09-11 16:25:13.798421-05	8	
4	asdfas df asdf	2023-09-11 16:25:29.677675-05	8	
5	asdfas df asdf	2023-09-11 16:25:43.153722-05	3	
6	asdf asf asdf	2023-09-11 16:25:53.981616-05	3	
7	no username required	2023-09-11 18:06:44.446014-05	8	
8	asdfasdfklafskjl;sfdk;j	2023-09-20 13:47:05.640828-05	8	
9	once upon a time	2023-09-20 13:47:54.60892-05	8	
10	asdfasdf kjasfdjklsdfaklj;dfsa	2023-09-20 13:49:22.482904-05	8	
11	new submission	2023-09-20 14:02:03.629831-05	8	https://thewoksoflife.com/
12	hello this is the new form	2023-09-20 14:23:10.683737-05	8	https://www.amazon.com/
\.


--
-- Data for Name: auth_group; Type: TABLE DATA; Schema: public; Owner: test
--

COPY public.auth_group (id, name) FROM stdin;
\.


--
-- Data for Name: auth_group_permissions; Type: TABLE DATA; Schema: public; Owner: test
--

COPY public.auth_group_permissions (id, group_id, permission_id) FROM stdin;
\.


--
-- Data for Name: auth_permission; Type: TABLE DATA; Schema: public; Owner: test
--

COPY public.auth_permission (id, name, content_type_id, codename) FROM stdin;
1	Can add log entry	1	add_logentry
2	Can change log entry	1	change_logentry
3	Can delete log entry	1	delete_logentry
4	Can view log entry	1	view_logentry
5	Can add permission	2	add_permission
6	Can change permission	2	change_permission
7	Can delete permission	2	delete_permission
8	Can view permission	2	view_permission
9	Can add group	3	add_group
10	Can change group	3	change_group
11	Can delete group	3	delete_group
12	Can view group	3	view_group
13	Can add content type	4	add_contenttype
14	Can change content type	4	change_contenttype
15	Can delete content type	4	delete_contenttype
16	Can view content type	4	view_contenttype
17	Can add session	5	add_session
18	Can change session	5	change_session
19	Can delete session	5	delete_session
20	Can view session	5	view_session
21	Can add user	6	add_user
22	Can change user	6	change_user
23	Can delete user	6	delete_user
24	Can view user	6	view_user
25	Can add profile	7	add_profile
26	Can change profile	7	change_profile
27	Can delete profile	7	delete_profile
28	Can view profile	7	view_profile
29	Can add tag	8	add_tag
30	Can change tag	8	change_tag
31	Can delete tag	8	delete_tag
32	Can view tag	8	view_tag
33	Can add post	9	add_post
34	Can change post	9	change_post
35	Can delete post	9	delete_post
36	Can view post	9	view_post
37	Can add comment	10	add_comment
38	Can change comment	10	change_comment
39	Can delete comment	10	delete_comment
40	Can view comment	10	view_comment
41	Can add like	11	add_like
42	Can change like	11	change_like
43	Can delete like	11	delete_like
44	Can view like	11	view_like
45	Can add news	12	add_news
46	Can change news	12	change_news
47	Can delete news	12	delete_news
48	Can view news	12	view_news
49	Can add url sub	13	add_urlsub
50	Can change url sub	13	change_urlsub
51	Can delete url sub	13	delete_urlsub
52	Can view url sub	13	view_urlsub
53	Can add news	14	add_news
54	Can change news	14	change_news
55	Can delete news	14	delete_news
56	Can view news	14	view_news
57	Can add crontab	15	add_crontabschedule
58	Can change crontab	15	change_crontabschedule
59	Can delete crontab	15	delete_crontabschedule
60	Can view crontab	15	view_crontabschedule
61	Can add interval	16	add_intervalschedule
62	Can change interval	16	change_intervalschedule
63	Can delete interval	16	delete_intervalschedule
64	Can view interval	16	view_intervalschedule
65	Can add periodic task	17	add_periodictask
66	Can change periodic task	17	change_periodictask
67	Can delete periodic task	17	delete_periodictask
68	Can view periodic task	17	view_periodictask
69	Can add periodic tasks	18	add_periodictasks
70	Can change periodic tasks	18	change_periodictasks
71	Can delete periodic tasks	18	delete_periodictasks
72	Can view periodic tasks	18	view_periodictasks
73	Can add solar event	19	add_solarschedule
74	Can change solar event	19	change_solarschedule
75	Can delete solar event	19	delete_solarschedule
76	Can view solar event	19	view_solarschedule
77	Can add clocked	20	add_clockedschedule
78	Can change clocked	20	change_clockedschedule
79	Can delete clocked	20	delete_clockedschedule
80	Can view clocked	20	view_clockedschedule
81	Can add task result	21	add_taskresult
82	Can change task result	21	change_taskresult
83	Can delete task result	21	delete_taskresult
84	Can view task result	21	view_taskresult
85	Can add chord counter	22	add_chordcounter
86	Can change chord counter	22	change_chordcounter
87	Can delete chord counter	22	delete_chordcounter
88	Can view chord counter	22	view_chordcounter
89	Can add group result	23	add_groupresult
90	Can change group result	23	change_groupresult
91	Can delete group result	23	delete_groupresult
92	Can view group result	23	view_groupresult
93	Can add contact	24	add_contact
94	Can change contact	24	change_contact
95	Can delete contact	24	delete_contact
96	Can view contact	24	view_contact
97	Can add contact	25	add_contact
98	Can change contact	25	change_contact
99	Can delete contact	25	delete_contact
100	Can view contact	25	view_contact
101	Can add tag	26	add_tag
102	Can change tag	26	change_tag
103	Can delete tag	26	delete_tag
104	Can view tag	26	view_tag
105	Can add tagged item	27	add_taggeditem
106	Can change tagged item	27	change_taggeditem
107	Can delete tagged item	27	delete_taggeditem
108	Can view tagged item	27	view_taggeditem
109	Can add ur lsub	28	add_urlsub
110	Can change ur lsub	28	change_urlsub
111	Can delete ur lsub	28	delete_urlsub
112	Can view ur lsub	28	view_urlsub
113	Can add blog full recommend	29	add_blogfullrecommend
114	Can change blog full recommend	29	change_blogfullrecommend
115	Can delete blog full recommend	29	delete_blogfullrecommend
116	Can view blog full recommend	29	view_blogfullrecommend
117	Can add search history	30	add_searchhistory
118	Can change search history	30	change_searchhistory
119	Can delete search history	30	delete_searchhistory
120	Can view search history	30	view_searchhistory
121	Can add user post interaction	31	add_userpostinteraction
122	Can change user post interaction	31	change_userpostinteraction
123	Can delete user post interaction	31	delete_userpostinteraction
124	Can view user post interaction	31	view_userpostinteraction
\.


--
-- Data for Name: core_blogfullrecommend; Type: TABLE DATA; Schema: public; Owner: test
--

COPY public.core_blogfullrecommend (id, title, url, author, content, image, last_updated) FROM stdin;
3	Lladybird	https://lladybird.com/	Lauren Taylor	sewing blog		2023-08-26 23:17:46-05
2	The Woks of Life	https://thewoksoflife.com/	Family	Chinese food blog		2023-08-26 23:05:50-05
4	Nom Nom Paleo	https://nomnompaleo.com/	Michelle Tam	Paleo diet recipe blog		2023-08-26 23:22:08-05
5	The Anne Boleyn Fields	https://www.theanneboleynfiles.com/	Claire			2023-09-08 16:35:47-05
\.


--
-- Data for Name: core_blogfullrecommend_tags; Type: TABLE DATA; Schema: public; Owner: test
--

COPY public.core_blogfullrecommend_tags (id, blogfullrecommend_id, tag_id) FROM stdin;
1	3	5
2	2	1
3	2	2
4	2	3
5	2	4
6	4	2
7	4	3
8	4	6
9	4	7
10	5	8
11	5	9
\.


--
-- Data for Name: core_comment; Type: TABLE DATA; Schema: public; Owner: test
--

COPY public.core_comment (id, email, content, created, post_id, author_id) FROM stdin;
1	af@msadklf.com	jlnf	2023-06-20 15:59:26.291323-05	2	1
3	sfak@sdfk.com	asdfasdf	2023-06-20 16:01:33.969516-05	2	1
5	asdf@asdf.com	asdf	2023-06-20 16:02:36.421562-05	1	1
6	amanda@amanda.com	new content	2023-06-20 18:40:16.008387-05	1	1
7	amanda@amanda.com	new content	2023-06-22 12:45:03.337232-05	1	1
8	asdf@asdf.com	there is a castle on a cloud	2023-06-26 15:15:46.288885-05	3	1
17	tester@gmail.com	asdfasdf	2023-09-19 10:31:46.665516-05	14	8
18	tester@gmail.com	asdflasfdsaf	2023-09-19 10:42:17.274773-05	15	8
19	tester@gmail.com	add a comment	2023-09-19 10:42:32.804717-05	9	8
20	tester@gmail.com	add another comment	2023-09-19 10:42:38.17294-05	9	8
21	tester@gmail.com	asdfaksdfklasdf	2023-09-19 11:01:17.362972-05	16	8
22	tester@gmail.com	another fommentadsfasdf	2023-09-19 11:01:22.838518-05	16	8
23	tester@gmail.com	sfajsdfaksldf	2023-09-19 11:04:48.831733-05	16	8
24	tester@gmail.com	hi here is a comment	2023-09-19 11:05:03.329719-05	9	8
25	tester@gmail.com	another	2023-09-19 11:05:07.942721-05	9	8
26	tester@gmail.com	asdfasdf kasdf	2023-09-19 11:07:31.989789-05	9	8
27	tester@gmail.com	asdfasdkjfas;ldf	2023-09-19 11:08:39.790347-05	9	8
28	tester@gmail.com	asdfjkas fl;kasdf	2023-09-19 11:13:23.403374-05	12	8
29	tester@gmail.com	another reply	2023-09-19 11:13:29.397685-05	12	8
30	tester@gmail.com	asdfasdf	2023-09-19 11:15:04.018182-05	12	8
31	fakeuser@gmail.com	asdfjkasdflk	2023-09-19 11:17:41.262018-05	12	11
32	tester@gmail.com	sdf asdf asdf asdf	2023-09-19 11:46:44.181736-05	12	8
33	tester@gmail.com	daadsfkjs akj;lfsdak;j lasd	2023-09-19 11:46:48.576124-05	12	8
34	tester@gmail.com	asdfkmasf	2023-09-21 22:32:18.443952-05	11	8
35	tester@gmail.com	asdfasdfasdfasdf	2023-09-23 22:52:11.396296-05	7	8
36	tester@gmail.com	comment	2023-09-24 10:54:31.104216-05	19	8
37	tester@gmail.com	asdfasdf	2023-09-24 18:48:42.36271-05	18	8
38	tester@gmail.com	asdf	2023-09-25 11:53:27.128603-05	7	8
39	tester@gmail.com	asfdakj;sdfkj;lsadf;jklsfaklj;fasd	2023-09-25 11:57:55.971681-05	12	8
40	tester@gmail.com	asdfasdf	2023-09-25 12:03:18.092462-05	12	8
41	tester@gmail.com	jkl;asdfjkljklsdafklj; asdf	2023-09-25 12:03:24.377683-05	12	8
42	tester@gmail.com	asdf	2023-09-25 12:11:34.213145-05	18	8
43	tester@gmail.com	sjkasdfkjlsdfklj	2023-09-25 12:11:38.154838-05	18	8
\.


--
-- Data for Name: core_like; Type: TABLE DATA; Schema: public; Owner: test
--

COPY public.core_like (id, post_id) FROM stdin;
\.


--
-- Data for Name: core_post; Type: TABLE DATA; Schema: public; Owner: test
--

COPY public.core_post (id, title, slug, content, image, created_on, updated_on, author_id) FROM stdin;
1	asdf	asdf	asd fasdf		2023-06-20 15:58:56.830665-05	2023-06-20 15:58:56.830749-05	3
2	a daa s	a-daa-s	asdf. jajlkasfkjlf fnjds	triangles_S7xFEqk.png	2023-06-20 15:59:13.433388-05	2023-06-20 15:59:13.4334-05	3
3	nwe post	nwe-post	cat attack		2023-06-20 18:39:59.785959-05	2023-06-20 18:39:59.786043-05	5
6	asf	asf	asdf as		2023-08-26 13:53:33.064567-05	2023-08-26 13:53:33.07076-05	8
7	Ernie the cat	ernie-the-cat	Ernie is a stray cat. He lives outside.		2023-08-26 14:16:29.560941-05	2023-08-26 14:16:29.566311-05	8
8	cats	cats	asdfa		2023-08-26 14:17:49.622327-05	2023-08-26 14:17:49.626282-05	9
9	asdfasdf	asdfasdf	asdfasdf	CE376CFF-E298-4A2B-B215-2DE87304865D.jpeg	2023-09-17 16:57:12.834744-05	2023-09-17 16:57:13.4408-05	8
10	asdfasdfasdf	asdfasdfasdf	asfdasdf	C8B09258-C0A9-4AAE-88D8-06B7827200A6.jpeg	2023-09-17 17:11:06.888437-05	2023-09-17 17:11:07.411084-05	8
11	asdf	asdf	asdf	C0D78E0B-BA05-48DA-B414-C3435F6FCADA.jpeg	2023-09-17 22:02:44.2895-05	2023-09-17 22:02:45.032501-05	8
12	asdf	asdf	asdf		2023-09-18 19:14:44.334713-05	2023-09-18 19:14:44.641594-05	8
13	why is tagging failing	why-is-tagging-failing	tags are stupid	C00FCE5A-708E-45D7-A5DE-BFF0267FCD44.jpeg	2023-09-18 19:29:53.491353-05	2023-09-18 19:29:53.700907-05	8
14	orchids	orchids	there is an orchid on my table	C0CE5898-93BF-4416-B353-C719E07F3880.jpeg	2023-09-18 21:09:54.642162-05	2023-09-18 21:09:54.642176-05	7
15	asdfasdfasdfa	asdfasdfasdfa	asdfasdf		2023-09-18 21:22:23.479287-05	2023-09-18 21:22:23.746914-05	8
16	sadfsad	sadfsad	asdfjasdfkaklsdf	C6DA843D-74F7-4F31-AB9D-B0A63651B49C.jpeg	2023-09-18 21:22:39.917667-05	2023-09-18 21:22:40.141971-05	8
17	fish quilt	fish-quilt	fish quilt and applique	CD98D1C1-D0F9-40B7-AB21-8531B428473A.jpeg	2023-09-19 11:47:56.589685-05	2023-09-19 11:47:57.3217-05	8
18	add another post	add-another-post	here's another post		2023-09-19 11:48:32.225629-05	2023-09-19 11:48:32.405983-05	8
19	hjklhjkh	hjklhjkh	hjklhkjhljkhjkhjk	C8F547FB-15FD-4880-9FDD-81C3114E812F.jpeg	2023-09-24 10:54:10.105307-05	2023-09-24 10:54:10.835538-05	8
20	asdf	asdf	asdfasdfjlasd fjkl		2023-09-25 12:08:09.203014-05	2023-09-25 12:08:09.653204-05	8
21	asdf	asdf	adsf	C2410E70-3BCE-4C54-912E-D1DC7E1F1085.jpeg	2023-09-25 12:10:08.74127-05	2023-09-25 12:10:09.084462-05	8
\.


--
-- Data for Name: core_post_tags; Type: TABLE DATA; Schema: public; Owner: test
--

COPY public.core_post_tags (id, post_id, tag_id) FROM stdin;
1	14	10
\.


--
-- Data for Name: core_tag; Type: TABLE DATA; Schema: public; Owner: test
--

COPY public.core_tag (id) FROM stdin;
1
2
3
4
5
6
7
8
9
10
\.


--
-- Data for Name: core_urlsub; Type: TABLE DATA; Schema: public; Owner: test
--

COPY public.core_urlsub (id, url) FROM stdin;
\.


--
-- Data for Name: core_urlsub_tags; Type: TABLE DATA; Schema: public; Owner: test
--

COPY public.core_urlsub_tags (id, urlsub_id, tag_id) FROM stdin;
\.


--
-- Data for Name: django_admin_log; Type: TABLE DATA; Schema: public; Owner: test
--

COPY public.django_admin_log (id, action_time, object_id, object_repr, action_flag, change_message, content_type_id, user_id) FROM stdin;
1	2023-06-13 20:45:05.921781-05	10	asdfasf	1	[{"added": {}}]	9	1
2	2023-06-13 22:46:50.48801-05	11	sdfasfdasdf	1	[{"added": {}}]	9	1
3	2023-06-14 13:14:39.470682-05	11	sdfasfdasdf	2	[{"changed": {"fields": ["Likes"]}}]	9	1
4	2023-06-14 13:15:27.547416-05	11	sdfasfdasdf	2	[{"changed": {"fields": ["Dislikes"]}}]	9	1
5	2023-06-15 17:10:21.500678-05	4		1	[{"added": {}}]	6	1
6	2023-06-15 17:10:36.701423-05	4	fake@fake.com	2	[{"changed": {"fields": ["Email address"]}}]	6	1
7	2023-06-15 17:11:36.479887-05	11	sdfasfdasdf	2	[{"changed": {"fields": ["Content"]}}]	9	1
8	2023-06-15 17:14:04.789022-05	11	sdfasfdasdf	2	[{"changed": {"fields": ["Likes"]}}]	9	1
9	2023-06-16 16:51:35.44751-05	5		1	[{"added": {}}]	6	1
10	2023-06-16 16:51:49.819496-05	5	test1234@test.com	2	[{"changed": {"fields": ["Email address"]}}]	6	1
11	2023-06-16 16:53:26.864828-05	11	sdfasfdasdf	2	[{"changed": {"fields": ["Likes"]}}]	9	1
12	2023-06-16 17:38:02.736592-05	11	sdfasfdasdf	2	[{"changed": {"fields": ["Likes"]}}]	9	1
13	2023-06-19 15:25:32.223128-05	12	test post no pic	1	[{"added": {}}]	9	1
14	2023-06-19 15:26:06.396412-05	13	asdf asdf asdf asdf	1	[{"added": {}}]	9	1
15	2023-06-19 15:38:15.496939-05	14	new post	1	[{"added": {}}]	9	1
16	2023-06-20 15:58:56.849162-05	1	asdf	1	[{"added": {}}]	9	1
17	2023-06-20 15:59:13.440296-05	2	a daa s	1	[{"added": {}}]	9	1
18	2023-06-20 18:39:59.793688-05	3	nwe post	1	[{"added": {}}]	9	3
19	2023-08-27 22:56:00.277385-05	1	chinese food	1	[{"added": {}}]	8	8
20	2023-08-27 22:56:07.248924-05	2	recipes	1	[{"added": {}}]	8	8
21	2023-08-27 22:56:12.99284-05	3	family	1	[{"added": {}}]	8	8
22	2023-08-27 22:56:17.14338-05	4	travel	1	[{"added": {}}]	8	8
23	2023-08-27 23:05:52.33988-05	2	The Woks of Life	1	[{"added": {}}]	29	8
24	2023-08-27 23:16:58.262457-05	5	sewing	1	[{"added": {}}]	8	8
25	2023-08-27 23:17:52.123025-05	3	Lladybird	1	[{"added": {}}]	29	8
26	2023-08-27 23:18:10.918793-05	2	The Woks of Life	2	[{"changed": {"fields": ["Tags"]}}]	29	8
27	2023-08-27 23:19:42.661282-05	6	paleo diet	1	[{"added": {}}]	8	8
28	2023-08-27 23:19:47.677238-05	7	nutrition	1	[{"added": {}}]	8	8
29	2023-08-27 23:22:09.577511-05	4	Nom Nom Paleo	1	[{"added": {}}]	29	8
30	2023-09-08 16:35:33.204096-05	8	Anne Boleyn	1	[{"added": {}}]	8	8
31	2023-09-08 16:35:37.284262-05	9	Tudors	1	[{"added": {}}]	8	8
32	2023-09-08 16:35:48.74193-05	5	The Anne Boleyn Fields	1	[{"added": {}}]	29	8
33	2023-09-11 15:50:05.938118-05	1	URLsub object (1)	1	[{"added": {}}]	28	8
34	2023-09-18 21:09:23.561381-05	10	cats, oranges	1	[{"added": {}}]	8	8
35	2023-09-18 21:09:55.531512-05	14	orchids	1	[{"added": {}}]	9	8
\.


--
-- Data for Name: django_celery_beat_clockedschedule; Type: TABLE DATA; Schema: public; Owner: test
--

COPY public.django_celery_beat_clockedschedule (id, clocked_time) FROM stdin;
\.


--
-- Data for Name: django_celery_beat_crontabschedule; Type: TABLE DATA; Schema: public; Owner: test
--

COPY public.django_celery_beat_crontabschedule (id, minute, hour, day_of_week, day_of_month, month_of_year, timezone) FROM stdin;
1	0	4	*	*	*	UTC
2	*	*	*	*	*	UTC
\.


--
-- Data for Name: django_celery_beat_intervalschedule; Type: TABLE DATA; Schema: public; Owner: test
--

COPY public.django_celery_beat_intervalschedule (id, every, period) FROM stdin;
\.


--
-- Data for Name: django_celery_beat_periodictask; Type: TABLE DATA; Schema: public; Owner: test
--

COPY public.django_celery_beat_periodictask (id, name, task, args, kwargs, queue, exchange, routing_key, expires, enabled, last_run_at, total_run_count, date_changed, description, crontab_id, interval_id, solar_id, one_off, start_time, priority, headers, clocked_id, expire_seconds) FROM stdin;
1	celery.backend_cleanup	celery.backend_cleanup	[]	{}	\N	\N	\N	\N	t	2023-08-02 23:00:00.008876-05	7	2023-08-02 23:01:45.239611-05		1	\N	\N	f	\N	\N	{}	\N	43200
2	scraping-task-one-min	scraping.tasks.hackernews_rss	[]	{}	\N	\N	\N	\N	t	2023-08-03 14:50:00.010901-05	612	2023-08-03 14:50:20.316099-05		2	\N	\N	f	\N	\N	{}	\N	\N
\.


--
-- Data for Name: django_celery_beat_periodictasks; Type: TABLE DATA; Schema: public; Owner: test
--

COPY public.django_celery_beat_periodictasks (ident, last_update) FROM stdin;
1	2023-08-02 22:58:41.408385-05
\.


--
-- Data for Name: django_celery_beat_solarschedule; Type: TABLE DATA; Schema: public; Owner: test
--

COPY public.django_celery_beat_solarschedule (id, event, latitude, longitude) FROM stdin;
\.


--
-- Data for Name: django_celery_results_chordcounter; Type: TABLE DATA; Schema: public; Owner: test
--

COPY public.django_celery_results_chordcounter (id, group_id, sub_tasks, count) FROM stdin;
\.


--
-- Data for Name: django_celery_results_groupresult; Type: TABLE DATA; Schema: public; Owner: test
--

COPY public.django_celery_results_groupresult (id, group_id, date_created, date_done, content_type, content_encoding, result) FROM stdin;
\.


--
-- Data for Name: django_celery_results_taskresult; Type: TABLE DATA; Schema: public; Owner: test
--

COPY public.django_celery_results_taskresult (id, task_id, status, content_type, content_encoding, result, date_done, traceback, meta, task_args, task_kwargs, task_name, worker, date_created, periodic_task_name) FROM stdin;
6	d1f7fa6a-6314-44f9-ba1a-ddbd190cf2d7	SUCCESS	application/json	utf-8	null	2023-08-02 22:35:04.759481-05	\N	{"children": []}	\N	\N	\N	\N	2023-08-02 22:35:04.75947-05	\N
7	a2e00c0c-65da-4ad7-9e16-4ac9ac255fea	SUCCESS	application/json	utf-8	null	2023-08-02 22:36:00.648831-05	\N	{"children": []}	\N	\N	\N	\N	2023-08-02 22:36:00.648801-05	\N
8	eb6f0edd-bc70-44c4-81f7-529a4b52a417	SUCCESS	application/json	utf-8	null	2023-08-02 22:37:00.441807-05	\N	{"children": []}	\N	\N	\N	\N	2023-08-02 22:37:00.441773-05	\N
9	b1446f65-452e-4aa6-ad25-a17b375dd9f9	SUCCESS	application/json	utf-8	null	2023-08-02 22:58:42.788191-05	\N	{"children": []}	\N	\N	\N	\N	2023-08-02 22:58:42.788159-05	\N
10	82a88bf6-b399-4a81-9480-55f0ff4eb94a	SUCCESS	application/json	utf-8	null	2023-08-02 22:59:00.424562-05	\N	{"children": []}	\N	\N	\N	\N	2023-08-02 22:59:00.424531-05	\N
11	0d89201d-7d0f-4cae-a102-8db162ddbe57	SUCCESS	application/json	utf-8	null	2023-08-02 23:00:00.050295-05	\N	{"children": []}	\N	\N	\N	\N	2023-08-02 23:00:00.050288-05	\N
12	ab710fe7-5483-4b3c-af01-a6730059ac94	SUCCESS	application/json	utf-8	null	2023-08-02 23:00:00.525029-05	\N	{"children": []}	\N	\N	\N	\N	2023-08-02 23:00:00.524941-05	\N
13	b6b34ae7-4b05-4da7-a6ee-d685c4eee132	SUCCESS	application/json	utf-8	null	2023-08-02 23:01:00.476379-05	\N	{"children": []}	\N	\N	\N	\N	2023-08-02 23:01:00.476348-05	\N
14	d7a99460-4419-4da2-a308-5c664b12b1e8	SUCCESS	application/json	utf-8	null	2023-08-02 23:02:00.461781-05	\N	{"children": []}	\N	\N	\N	\N	2023-08-02 23:02:00.461749-05	\N
15	c3ac923e-4638-43ad-9580-3358b9a21399	SUCCESS	application/json	utf-8	null	2023-08-02 23:18:44.018012-05	\N	{"children": []}	\N	\N	\N	\N	2023-08-02 23:18:44.017979-05	\N
16	8664015e-bc85-495a-91e0-dc257a9cb4ec	SUCCESS	application/json	utf-8	null	2023-08-02 23:19:00.474024-05	\N	{"children": []}	\N	\N	\N	\N	2023-08-02 23:19:00.473987-05	\N
17	c3db3f11-0a03-4a43-a4f5-b3c04c688bfa	SUCCESS	application/json	utf-8	null	2023-08-02 23:20:00.451478-05	\N	{"children": []}	\N	\N	\N	\N	2023-08-02 23:20:00.451455-05	\N
18	ed5473c3-f9d6-4fae-b372-ea2034592368	SUCCESS	application/json	utf-8	null	2023-08-02 23:21:00.431143-05	\N	{"children": []}	\N	\N	\N	\N	2023-08-02 23:21:00.431118-05	\N
19	4dc96afc-12c3-446b-aa9f-08255925e874	SUCCESS	application/json	utf-8	null	2023-08-02 23:22:00.470155-05	\N	{"children": []}	\N	\N	\N	\N	2023-08-02 23:22:00.470124-05	\N
20	2fc02928-643f-4034-acf9-a31fdb15e888	SUCCESS	application/json	utf-8	null	2023-08-02 23:23:00.465574-05	\N	{"children": []}	\N	\N	\N	\N	2023-08-02 23:23:00.465546-05	\N
21	ea12d9ac-6583-486c-9171-1d745685ad13	SUCCESS	application/json	utf-8	null	2023-08-02 23:24:00.450914-05	\N	{"children": []}	\N	\N	\N	\N	2023-08-02 23:24:00.450894-05	\N
22	7acfb0bb-fb09-4eee-9a5f-c05e4da1f04f	SUCCESS	application/json	utf-8	null	2023-08-02 23:25:00.463335-05	\N	{"children": []}	\N	\N	\N	\N	2023-08-02 23:25:00.463321-05	\N
23	bf26f602-bec6-4727-ba29-0d42be95665a	SUCCESS	application/json	utf-8	null	2023-08-02 23:26:00.464296-05	\N	{"children": []}	\N	\N	\N	\N	2023-08-02 23:26:00.464262-05	\N
24	3c976608-8ed1-46fa-ad10-e7934f7ca445	SUCCESS	application/json	utf-8	null	2023-08-02 23:27:00.464507-05	\N	{"children": []}	\N	\N	\N	\N	2023-08-02 23:27:00.464494-05	\N
25	08d751b5-62c1-48e3-a676-bc4f3b15d722	SUCCESS	application/json	utf-8	null	2023-08-02 23:28:00.456586-05	\N	{"children": []}	\N	\N	\N	\N	2023-08-02 23:28:00.456552-05	\N
26	fd61adc5-4136-4993-9cdb-b85021d77ee5	SUCCESS	application/json	utf-8	null	2023-08-02 23:29:00.475027-05	\N	{"children": []}	\N	\N	\N	\N	2023-08-02 23:29:00.474994-05	\N
27	8a86614a-13c1-4c7d-906c-de0156443ef3	SUCCESS	application/json	utf-8	null	2023-08-02 23:30:30.966618-05	\N	{"children": []}	\N	\N	\N	\N	2023-08-02 23:30:30.966583-05	\N
28	d200c1c9-0caa-45cb-bee4-56e46285d944	SUCCESS	application/json	utf-8	null	2023-08-02 23:31:00.450928-05	\N	{"children": []}	\N	\N	\N	\N	2023-08-02 23:31:00.450896-05	\N
29	bc9c5689-2bc4-45d2-be44-bbf777811f7f	SUCCESS	application/json	utf-8	null	2023-08-02 23:32:00.47243-05	\N	{"children": []}	\N	\N	\N	\N	2023-08-02 23:32:00.472394-05	\N
30	4358b2e0-0910-456a-bf0c-e9e8f7608abe	SUCCESS	application/json	utf-8	null	2023-08-02 23:33:00.457711-05	\N	{"children": []}	\N	\N	\N	\N	2023-08-02 23:33:00.457679-05	\N
31	e6ca0808-eea5-474a-bfb6-630b6575f687	SUCCESS	application/json	utf-8	null	2023-08-02 23:34:00.461028-05	\N	{"children": []}	\N	\N	\N	\N	2023-08-02 23:34:00.460994-05	\N
32	b461e242-1aae-4e2f-ab6d-38a3095b0721	SUCCESS	application/json	utf-8	null	2023-08-02 23:41:30.541691-05	\N	{"children": []}	\N	\N	\N	\N	2023-08-02 23:41:30.541665-05	\N
33	06a20ad1-8a4b-4e74-9611-aa22195dfd66	SUCCESS	application/json	utf-8	null	2023-08-02 23:43:54.019017-05	\N	{"children": []}	\N	\N	\N	\N	2023-08-02 23:43:54.01898-05	\N
34	e1b88e58-eb9d-4c94-b4cc-cfbeaa7f06c6	SUCCESS	application/json	utf-8	null	2023-08-02 23:44:00.425937-05	\N	{"children": []}	\N	\N	\N	\N	2023-08-02 23:44:00.425902-05	\N
35	c084cd25-2bb5-4dc9-a197-b455038c7e9a	SUCCESS	application/json	utf-8	null	2023-08-02 23:45:00.450393-05	\N	{"children": []}	\N	\N	\N	\N	2023-08-02 23:45:00.450369-05	\N
36	ebbd7cb7-4cc2-4745-a840-6d9fb431e0eb	SUCCESS	application/json	utf-8	null	2023-08-02 23:46:00.531989-05	\N	{"children": []}	\N	\N	\N	\N	2023-08-02 23:46:00.531972-05	\N
37	45d8e167-1052-4dbe-ae86-b83a4946f471	SUCCESS	application/json	utf-8	null	2023-08-02 23:47:00.541291-05	\N	{"children": []}	\N	\N	\N	\N	2023-08-02 23:47:00.541277-05	\N
38	6e20ed3a-9db8-4e2e-8841-51fa8ce633df	SUCCESS	application/json	utf-8	null	2023-08-02 23:48:00.443304-05	\N	{"children": []}	\N	\N	\N	\N	2023-08-02 23:48:00.443288-05	\N
39	79b136f9-f725-4beb-a087-1adfc0232ffd	SUCCESS	application/json	utf-8	null	2023-08-02 23:49:00.473631-05	\N	{"children": []}	\N	\N	\N	\N	2023-08-02 23:49:00.473607-05	\N
40	04ec013b-bfd2-41f9-8fa4-66c13d5bc7ce	SUCCESS	application/json	utf-8	null	2023-08-02 23:50:00.470194-05	\N	{"children": []}	\N	\N	\N	\N	2023-08-02 23:50:00.470159-05	\N
41	32b7ae3a-1591-4f4a-a507-1c68a13006bf	SUCCESS	application/json	utf-8	null	2023-08-02 23:51:01.167763-05	\N	{"children": []}	\N	\N	\N	\N	2023-08-02 23:51:01.167742-05	\N
42	cb22e0bc-b44f-4d2a-a322-37ed6b976efe	SUCCESS	application/json	utf-8	null	2023-08-02 23:52:00.471084-05	\N	{"children": []}	\N	\N	\N	\N	2023-08-02 23:52:00.471061-05	\N
43	8c17c12a-823b-4b30-a033-b3d75c728abf	SUCCESS	application/json	utf-8	null	2023-08-02 23:53:00.46697-05	\N	{"children": []}	\N	\N	\N	\N	2023-08-02 23:53:00.466932-05	\N
44	046071ea-99bc-4f73-b9a1-5bcc56945fe6	SUCCESS	application/json	utf-8	null	2023-08-02 23:54:00.471953-05	\N	{"children": []}	\N	\N	\N	\N	2023-08-02 23:54:00.471917-05	\N
45	ba1e3e58-50ca-44fa-b2c8-54d08869eac4	SUCCESS	application/json	utf-8	null	2023-08-02 23:55:01.143128-05	\N	{"children": []}	\N	\N	\N	\N	2023-08-02 23:55:01.143096-05	\N
46	9da8bce3-8f4c-4918-800b-b73ce0861376	SUCCESS	application/json	utf-8	null	2023-08-02 23:56:00.561358-05	\N	{"children": []}	\N	\N	\N	\N	2023-08-02 23:56:00.561324-05	\N
47	6b110346-d70a-4e72-af0a-f37747cbe8ee	SUCCESS	application/json	utf-8	null	2023-08-02 23:57:00.49053-05	\N	{"children": []}	\N	\N	\N	\N	2023-08-02 23:57:00.490501-05	\N
48	66bfbfa5-04bd-40cd-8293-5f176d97564e	SUCCESS	application/json	utf-8	null	2023-08-02 23:58:00.464868-05	\N	{"children": []}	\N	\N	\N	\N	2023-08-02 23:58:00.464848-05	\N
49	e13a3b8f-42e4-42bd-83dd-f013b9b4036e	SUCCESS	application/json	utf-8	null	2023-08-02 23:59:00.487366-05	\N	{"children": []}	\N	\N	\N	\N	2023-08-02 23:59:00.487298-05	\N
50	d5da8ed1-43b4-4735-ae53-1cc10e6e217c	SUCCESS	application/json	utf-8	null	2023-08-03 00:00:00.497404-05	\N	{"children": []}	\N	\N	\N	\N	2023-08-03 00:00:00.497383-05	\N
51	36af39db-7dde-4b72-87ff-a8f7dcfc2924	SUCCESS	application/json	utf-8	null	2023-08-03 00:01:00.431259-05	\N	{"children": []}	\N	\N	\N	\N	2023-08-03 00:01:00.431237-05	\N
52	ff905171-2199-43d3-a619-991cd758688b	SUCCESS	application/json	utf-8	null	2023-08-03 00:02:00.482965-05	\N	{"children": []}	\N	\N	\N	\N	2023-08-03 00:02:00.482951-05	\N
53	4e426a18-49fb-4dc3-ac4b-7b7a8e77f32f	SUCCESS	application/json	utf-8	null	2023-08-03 00:03:00.526442-05	\N	{"children": []}	\N	\N	\N	\N	2023-08-03 00:03:00.526378-05	\N
54	bc51aac4-25cf-42fd-80bb-c51a1ef921c4	SUCCESS	application/json	utf-8	null	2023-08-03 00:04:00.471151-05	\N	{"children": []}	\N	\N	\N	\N	2023-08-03 00:04:00.47112-05	\N
55	f384afa6-23b2-426d-b85b-5348573eee84	SUCCESS	application/json	utf-8	null	2023-08-03 00:05:00.888236-05	\N	{"children": []}	\N	\N	\N	\N	2023-08-03 00:05:00.888205-05	\N
56	ded2672e-a15f-4431-9a77-acaf1759d434	SUCCESS	application/json	utf-8	null	2023-08-03 00:06:00.438281-05	\N	{"children": []}	\N	\N	\N	\N	2023-08-03 00:06:00.438265-05	\N
57	05760ded-dc65-45db-8ccc-3cf9708ee4d8	SUCCESS	application/json	utf-8	null	2023-08-03 00:07:00.943694-05	\N	{"children": []}	\N	\N	\N	\N	2023-08-03 00:07:00.943674-05	\N
58	03c1a0b2-a5c9-415b-a7d6-48b6c9d522dc	SUCCESS	application/json	utf-8	null	2023-08-03 00:08:00.453915-05	\N	{"children": []}	\N	\N	\N	\N	2023-08-03 00:08:00.453881-05	\N
59	08215d9e-4a46-430e-95f9-3bb7185f2507	SUCCESS	application/json	utf-8	null	2023-08-03 00:09:00.460893-05	\N	{"children": []}	\N	\N	\N	\N	2023-08-03 00:09:00.460859-05	\N
60	c1ce6687-b667-49dd-8479-2dc68e95e222	SUCCESS	application/json	utf-8	null	2023-08-03 00:10:01.19527-05	\N	{"children": []}	\N	\N	\N	\N	2023-08-03 00:10:01.195257-05	\N
61	56c0e808-4f5f-48d1-86a4-7893a369f8e2	SUCCESS	application/json	utf-8	null	2023-08-03 00:11:00.480972-05	\N	{"children": []}	\N	\N	\N	\N	2023-08-03 00:11:00.480953-05	\N
62	6361aaeb-a71c-4755-9028-f209b6c9b5a7	SUCCESS	application/json	utf-8	null	2023-08-03 00:12:00.494154-05	\N	{"children": []}	\N	\N	\N	\N	2023-08-03 00:12:00.49414-05	\N
63	077bd404-134b-4b4d-8027-85e8ba551f42	SUCCESS	application/json	utf-8	null	2023-08-03 00:13:00.48051-05	\N	{"children": []}	\N	\N	\N	\N	2023-08-03 00:13:00.480482-05	\N
64	4eba562e-97a8-490d-acda-ca9dad37bb44	SUCCESS	application/json	utf-8	null	2023-08-03 00:14:00.437208-05	\N	{"children": []}	\N	\N	\N	\N	2023-08-03 00:14:00.437186-05	\N
65	61bb2a15-ab2a-4f0f-a869-f5e6b3a38fd8	SUCCESS	application/json	utf-8	null	2023-08-03 00:15:00.482592-05	\N	{"children": []}	\N	\N	\N	\N	2023-08-03 00:15:00.482558-05	\N
66	cb9c0ebd-e709-4121-a7ef-4038e5ac707b	SUCCESS	application/json	utf-8	null	2023-08-03 00:16:00.464372-05	\N	{"children": []}	\N	\N	\N	\N	2023-08-03 00:16:00.46435-05	\N
67	c839b392-2591-4beb-a067-3ae81ed19420	SUCCESS	application/json	utf-8	null	2023-08-03 00:17:00.488666-05	\N	{"children": []}	\N	\N	\N	\N	2023-08-03 00:17:00.488639-05	\N
68	d4701545-1265-4ee1-8c1c-5a21b6754266	SUCCESS	application/json	utf-8	null	2023-08-03 00:18:00.498306-05	\N	{"children": []}	\N	\N	\N	\N	2023-08-03 00:18:00.498271-05	\N
69	67f343fb-ecc7-4633-a6f5-05a0ca916a3b	SUCCESS	application/json	utf-8	null	2023-08-03 00:19:00.467801-05	\N	{"children": []}	\N	\N	\N	\N	2023-08-03 00:19:00.467766-05	\N
70	cc0a768a-b688-4608-91b2-7135044876b8	SUCCESS	application/json	utf-8	null	2023-08-03 00:20:00.462941-05	\N	{"children": []}	\N	\N	\N	\N	2023-08-03 00:20:00.462916-05	\N
71	a6092bc8-8145-4197-80c4-020eb6101454	SUCCESS	application/json	utf-8	null	2023-08-03 00:21:00.470801-05	\N	{"children": []}	\N	\N	\N	\N	2023-08-03 00:21:00.470771-05	\N
72	916dfda8-4b4e-4031-83bd-b02db80ad511	SUCCESS	application/json	utf-8	null	2023-08-03 00:22:01.074229-05	\N	{"children": []}	\N	\N	\N	\N	2023-08-03 00:22:01.07419-05	\N
73	6bf4274a-e880-4393-880c-ed09845265a4	SUCCESS	application/json	utf-8	null	2023-08-03 00:23:00.464056-05	\N	{"children": []}	\N	\N	\N	\N	2023-08-03 00:23:00.464033-05	\N
74	ea6075d9-9d9b-4d93-bda6-ffd01276b3b4	SUCCESS	application/json	utf-8	null	2023-08-03 00:24:00.48553-05	\N	{"children": []}	\N	\N	\N	\N	2023-08-03 00:24:00.485493-05	\N
75	091045d0-335e-4363-837e-1b9df78f9954	SUCCESS	application/json	utf-8	null	2023-08-03 00:25:00.456983-05	\N	{"children": []}	\N	\N	\N	\N	2023-08-03 00:25:00.456968-05	\N
76	49bff6db-80ba-45a3-9001-889ca4ef853b	SUCCESS	application/json	utf-8	null	2023-08-03 00:26:00.467356-05	\N	{"children": []}	\N	\N	\N	\N	2023-08-03 00:26:00.467325-05	\N
77	b093d199-c449-4f97-9fa1-8140700aadf3	SUCCESS	application/json	utf-8	null	2023-08-03 00:41:57.934201-05	\N	{"children": []}	\N	\N	\N	\N	2023-08-03 00:41:57.934185-05	\N
78	0d2c3461-0853-4eb6-b5bf-04c09697a990	SUCCESS	application/json	utf-8	null	2023-08-03 00:42:00.430622-05	\N	{"children": []}	\N	\N	\N	\N	2023-08-03 00:42:00.430584-05	\N
79	0c93a061-32be-4f89-b507-58f1c89da10f	SUCCESS	application/json	utf-8	null	2023-08-03 00:43:00.46765-05	\N	{"children": []}	\N	\N	\N	\N	2023-08-03 00:43:00.467623-05	\N
80	8872998f-2277-4c5c-bf35-87e8861f39a4	SUCCESS	application/json	utf-8	null	2023-08-03 00:59:03.598816-05	\N	{"children": []}	\N	\N	\N	\N	2023-08-03 00:59:03.598779-05	\N
81	6d287416-8769-486b-9c13-7f6fc5415441	SUCCESS	application/json	utf-8	null	2023-08-03 01:00:00.497302-05	\N	{"children": []}	\N	\N	\N	\N	2023-08-03 01:00:00.497275-05	\N
82	d7a4e271-842f-4abf-9df8-a63686b9964e	SUCCESS	application/json	utf-8	null	2023-08-03 01:15:55.825751-05	\N	{"children": []}	\N	\N	\N	\N	2023-08-03 01:15:55.825715-05	\N
83	65c77899-56d9-43c0-9669-85df0d2fd6fb	SUCCESS	application/json	utf-8	null	2023-08-03 01:16:00.421782-05	\N	{"children": []}	\N	\N	\N	\N	2023-08-03 01:16:00.421748-05	\N
84	163d8b76-4c17-4114-aac7-1ba3a1d8e837	SUCCESS	application/json	utf-8	null	2023-08-03 01:17:00.676322-05	\N	{"children": []}	\N	\N	\N	\N	2023-08-03 01:17:00.676288-05	\N
85	ea417d80-7787-446c-a380-a235104bbcb7	SUCCESS	application/json	utf-8	null	2023-08-03 01:33:27.385752-05	\N	{"children": []}	\N	\N	\N	\N	2023-08-03 01:33:27.385721-05	\N
86	c3f904b1-1c1c-4ed1-9258-7d0bb3651e67	SUCCESS	application/json	utf-8	null	2023-08-03 01:34:00.459343-05	\N	{"children": []}	\N	\N	\N	\N	2023-08-03 01:34:00.459304-05	\N
87	1cdd1474-7f96-46b8-8115-0ba3a2d5b59a	SUCCESS	application/json	utf-8	null	2023-08-03 01:49:42.62894-05	\N	{"children": []}	\N	\N	\N	\N	2023-08-03 01:49:42.628907-05	\N
88	e6509456-1207-49cf-b8cd-a4756bb74580	SUCCESS	application/json	utf-8	null	2023-08-03 01:50:01.090518-05	\N	{"children": []}	\N	\N	\N	\N	2023-08-03 01:50:01.090482-05	\N
89	76b75c3a-39b0-40bc-ba3a-726cfab01a2f	SUCCESS	application/json	utf-8	null	2023-08-03 02:03:08.965694-05	\N	{"children": []}	\N	\N	\N	\N	2023-08-03 02:03:08.965662-05	\N
90	602f761b-c8a3-407c-abd1-d27cd7f654fe	SUCCESS	application/json	utf-8	null	2023-08-03 02:04:00.495371-05	\N	{"children": []}	\N	\N	\N	\N	2023-08-03 02:04:00.49536-05	\N
91	5f861e14-6cad-40c8-95f2-ea6d75686ff6	SUCCESS	application/json	utf-8	null	2023-08-03 02:19:34.259976-05	\N	{"children": []}	\N	\N	\N	\N	2023-08-03 02:19:34.259943-05	\N
92	c07ec22d-2bd3-443f-b6c3-c69f5199f96b	SUCCESS	application/json	utf-8	null	2023-08-03 02:20:00.450167-05	\N	{"children": []}	\N	\N	\N	\N	2023-08-03 02:20:00.450134-05	\N
93	ba01339f-d6f6-44a8-bdee-ce3c06ac0b3c	SUCCESS	application/json	utf-8	null	2023-08-03 02:21:00.473914-05	\N	{"children": []}	\N	\N	\N	\N	2023-08-03 02:21:00.473883-05	\N
94	a20d53bf-2ccc-4521-8273-43e89d476a3b	SUCCESS	application/json	utf-8	null	2023-08-03 02:22:00.805317-05	\N	{"children": []}	\N	\N	\N	\N	2023-08-03 02:22:00.805286-05	\N
95	f76487ac-f944-467f-8f10-38198342b1e0	SUCCESS	application/json	utf-8	null	2023-08-03 02:23:00.470148-05	\N	{"children": []}	\N	\N	\N	\N	2023-08-03 02:23:00.470117-05	\N
96	5039d98c-8f0a-475d-8b72-69d9d127a61e	SUCCESS	application/json	utf-8	null	2023-08-03 02:24:00.472618-05	\N	{"children": []}	\N	\N	\N	\N	2023-08-03 02:24:00.472582-05	\N
97	d3349245-ff0e-4b1d-8737-5862a61ad899	SUCCESS	application/json	utf-8	null	2023-08-03 02:25:00.485464-05	\N	{"children": []}	\N	\N	\N	\N	2023-08-03 02:25:00.485434-05	\N
98	f2a992f3-9af5-42bc-8bff-263e63b50ee1	SUCCESS	application/json	utf-8	null	2023-08-03 02:26:00.456822-05	\N	{"children": []}	\N	\N	\N	\N	2023-08-03 02:26:00.456787-05	\N
99	2a848391-b91f-4a80-99f8-b003e653c2da	SUCCESS	application/json	utf-8	null	2023-08-03 02:27:00.484976-05	\N	{"children": []}	\N	\N	\N	\N	2023-08-03 02:27:00.48494-05	\N
100	24045fc3-d549-4b0c-a3c9-0cfac3c607d6	SUCCESS	application/json	utf-8	null	2023-08-03 02:28:00.455521-05	\N	{"children": []}	\N	\N	\N	\N	2023-08-03 02:28:00.45549-05	\N
101	036345b7-11a4-4636-bec9-910b868af0bf	SUCCESS	application/json	utf-8	null	2023-08-03 02:29:00.469024-05	\N	{"children": []}	\N	\N	\N	\N	2023-08-03 02:29:00.46899-05	\N
102	00132ca0-f9d5-4b8b-82c9-24b04707d491	SUCCESS	application/json	utf-8	null	2023-08-03 02:30:00.464297-05	\N	{"children": []}	\N	\N	\N	\N	2023-08-03 02:30:00.464267-05	\N
103	713d763a-7211-4818-b16a-6fe67cdd4737	SUCCESS	application/json	utf-8	null	2023-08-03 02:31:01.43846-05	\N	{"children": []}	\N	\N	\N	\N	2023-08-03 02:31:01.438426-05	\N
104	6a3bc0fd-ba1a-4b5b-aff1-87f3f39cc827	SUCCESS	application/json	utf-8	null	2023-08-03 02:32:00.476025-05	\N	{"children": []}	\N	\N	\N	\N	2023-08-03 02:32:00.475998-05	\N
105	8ce5a30a-0e10-4283-b944-7bd07dc71a2d	SUCCESS	application/json	utf-8	null	2023-08-03 02:33:00.642432-05	\N	{"children": []}	\N	\N	\N	\N	2023-08-03 02:33:00.642396-05	\N
106	2c2ac3d2-3471-4cce-b64f-652854aa4315	SUCCESS	application/json	utf-8	null	2023-08-03 02:34:00.468134-05	\N	{"children": []}	\N	\N	\N	\N	2023-08-03 02:34:00.4681-05	\N
107	7aa74d1f-d9d5-47d3-ab16-d03c099481ed	SUCCESS	application/json	utf-8	null	2023-08-03 02:35:00.468693-05	\N	{"children": []}	\N	\N	\N	\N	2023-08-03 02:35:00.468662-05	\N
108	a49de79b-eb6c-405c-987a-73a9f9b50377	SUCCESS	application/json	utf-8	null	2023-08-03 02:36:00.463289-05	\N	{"children": []}	\N	\N	\N	\N	2023-08-03 02:36:00.463251-05	\N
109	bc83ec49-e61e-407a-9c87-01b818eeb402	SUCCESS	application/json	utf-8	null	2023-08-03 02:37:00.461677-05	\N	{"children": []}	\N	\N	\N	\N	2023-08-03 02:37:00.461644-05	\N
110	66eba4a8-0fc6-43cb-a0c3-e0a74cade70c	SUCCESS	application/json	utf-8	null	2023-08-03 02:38:00.464153-05	\N	{"children": []}	\N	\N	\N	\N	2023-08-03 02:38:00.464133-05	\N
111	e2b76a51-09e4-4c66-ba34-2ddb174eb3c2	SUCCESS	application/json	utf-8	null	2023-08-03 02:39:00.483248-05	\N	{"children": []}	\N	\N	\N	\N	2023-08-03 02:39:00.483215-05	\N
112	aa6db604-dac0-4237-8784-a3edd65a2113	SUCCESS	application/json	utf-8	null	2023-08-03 02:40:00.491141-05	\N	{"children": []}	\N	\N	\N	\N	2023-08-03 02:40:00.491107-05	\N
113	f34d19d8-8c00-4b24-b0e5-0cb163dca12f	SUCCESS	application/json	utf-8	null	2023-08-03 02:41:00.460737-05	\N	{"children": []}	\N	\N	\N	\N	2023-08-03 02:41:00.460705-05	\N
114	fd7a4dd3-fa3f-4f5f-aae2-f8b88f22916e	SUCCESS	application/json	utf-8	null	2023-08-03 02:42:00.479215-05	\N	{"children": []}	\N	\N	\N	\N	2023-08-03 02:42:00.479184-05	\N
115	e9b075ee-4a10-4854-b61d-572aaebd48c4	SUCCESS	application/json	utf-8	null	2023-08-03 02:43:00.45913-05	\N	{"children": []}	\N	\N	\N	\N	2023-08-03 02:43:00.459095-05	\N
116	10a4c06e-f4b5-47aa-9876-6c1dccf198fe	SUCCESS	application/json	utf-8	null	2023-08-03 02:44:01.414048-05	\N	{"children": []}	\N	\N	\N	\N	2023-08-03 02:44:01.414016-05	\N
117	fbee1d67-4984-4f01-b007-6309fc950935	SUCCESS	application/json	utf-8	null	2023-08-03 02:45:00.463117-05	\N	{"children": []}	\N	\N	\N	\N	2023-08-03 02:45:00.463083-05	\N
118	36e6c25b-53d3-49b5-86ca-3d50ae7f94a7	SUCCESS	application/json	utf-8	null	2023-08-03 02:46:00.458782-05	\N	{"children": []}	\N	\N	\N	\N	2023-08-03 02:46:00.458755-05	\N
119	4c851366-26fc-4568-8cef-79a2ae893cfc	SUCCESS	application/json	utf-8	null	2023-08-03 02:47:00.472336-05	\N	{"children": []}	\N	\N	\N	\N	2023-08-03 02:47:00.472307-05	\N
120	f44d4bfe-7b5f-40c4-9975-ea7f5738f155	SUCCESS	application/json	utf-8	null	2023-08-03 02:48:00.459054-05	\N	{"children": []}	\N	\N	\N	\N	2023-08-03 02:48:00.459024-05	\N
121	6d611e5f-14e7-4898-88ee-2c6dd8431768	SUCCESS	application/json	utf-8	null	2023-08-03 02:49:01.424512-05	\N	{"children": []}	\N	\N	\N	\N	2023-08-03 02:49:01.424481-05	\N
122	cabe5a9c-76e8-49b2-903d-d19b0beb9b87	SUCCESS	application/json	utf-8	null	2023-08-03 02:50:01.477045-05	\N	{"children": []}	\N	\N	\N	\N	2023-08-03 02:50:01.477011-05	\N
123	13c000df-4487-4e3c-b540-e10106f4ecbf	SUCCESS	application/json	utf-8	null	2023-08-03 02:51:00.491199-05	\N	{"children": []}	\N	\N	\N	\N	2023-08-03 02:51:00.491169-05	\N
124	73098674-4b7a-448d-82f7-cfa8f7cb6478	SUCCESS	application/json	utf-8	null	2023-08-03 02:52:00.54644-05	\N	{"children": []}	\N	\N	\N	\N	2023-08-03 02:52:00.546424-05	\N
125	f76e2648-234f-4568-a0bc-992f597f3a26	SUCCESS	application/json	utf-8	null	2023-08-03 02:53:00.471821-05	\N	{"children": []}	\N	\N	\N	\N	2023-08-03 02:53:00.47179-05	\N
126	617d099e-c4e8-4c01-a27a-c27ed6aacda3	SUCCESS	application/json	utf-8	null	2023-08-03 02:54:00.452811-05	\N	{"children": []}	\N	\N	\N	\N	2023-08-03 02:54:00.452779-05	\N
127	e55c1cbb-44fe-43f1-bc4e-fb994725fe14	SUCCESS	application/json	utf-8	null	2023-08-03 02:55:01.390879-05	\N	{"children": []}	\N	\N	\N	\N	2023-08-03 02:55:01.390844-05	\N
128	f3a04f6c-fe80-4b94-8cac-c8ba398b2e61	SUCCESS	application/json	utf-8	null	2023-08-03 02:56:00.459649-05	\N	{"children": []}	\N	\N	\N	\N	2023-08-03 02:56:00.459609-05	\N
129	11a0b412-435e-4c47-8b38-ce3d4e211753	SUCCESS	application/json	utf-8	null	2023-08-03 02:57:00.547693-05	\N	{"children": []}	\N	\N	\N	\N	2023-08-03 02:57:00.547658-05	\N
130	5ff5b8e2-6c10-4d5c-ab39-4ab5c863482a	SUCCESS	application/json	utf-8	null	2023-08-03 02:58:00.566969-05	\N	{"children": []}	\N	\N	\N	\N	2023-08-03 02:58:00.566941-05	\N
131	d4853f9b-621d-4bdb-a11d-45262ed27b89	SUCCESS	application/json	utf-8	null	2023-08-03 02:59:00.4721-05	\N	{"children": []}	\N	\N	\N	\N	2023-08-03 02:59:00.472069-05	\N
132	c304d0fc-ce00-4681-91dd-a8094c9b32ea	SUCCESS	application/json	utf-8	null	2023-08-03 03:00:00.462514-05	\N	{"children": []}	\N	\N	\N	\N	2023-08-03 03:00:00.462483-05	\N
133	eb112e5a-872f-457f-8348-f94bb3b4c18e	SUCCESS	application/json	utf-8	null	2023-08-03 03:01:00.457749-05	\N	{"children": []}	\N	\N	\N	\N	2023-08-03 03:01:00.457717-05	\N
134	0775297d-7f96-43e0-b2e7-b5747006023c	SUCCESS	application/json	utf-8	null	2023-08-03 03:02:00.467667-05	\N	{"children": []}	\N	\N	\N	\N	2023-08-03 03:02:00.467638-05	\N
135	458dcdd6-09e2-418c-b410-fc269b18e571	SUCCESS	application/json	utf-8	null	2023-08-03 03:03:00.507187-05	\N	{"children": []}	\N	\N	\N	\N	2023-08-03 03:03:00.507153-05	\N
136	b7587f7b-f0a7-4114-ac7a-30862b357415	SUCCESS	application/json	utf-8	null	2023-08-03 03:04:00.52003-05	\N	{"children": []}	\N	\N	\N	\N	2023-08-03 03:04:00.52-05	\N
137	9e0a8b76-8214-47c0-9c0d-facf26eecc3d	SUCCESS	application/json	utf-8	null	2023-08-03 03:05:00.611857-05	\N	{"children": []}	\N	\N	\N	\N	2023-08-03 03:05:00.611828-05	\N
138	b68a0c60-1d9d-43af-ab50-9bda03f11523	SUCCESS	application/json	utf-8	null	2023-08-03 03:06:00.85686-05	\N	{"children": []}	\N	\N	\N	\N	2023-08-03 03:06:00.856825-05	\N
139	7c6fe58d-c9e8-48a0-8818-6266b6bbff77	SUCCESS	application/json	utf-8	null	2023-08-03 03:07:00.45794-05	\N	{"children": []}	\N	\N	\N	\N	2023-08-03 03:07:00.457905-05	\N
140	97cbf103-3240-44ff-8664-697b907ae68c	SUCCESS	application/json	utf-8	null	2023-08-03 03:08:00.458058-05	\N	{"children": []}	\N	\N	\N	\N	2023-08-03 03:08:00.458026-05	\N
141	91531071-150c-4d8d-9d01-57f5a4fa416e	SUCCESS	application/json	utf-8	null	2023-08-03 03:09:00.483699-05	\N	{"children": []}	\N	\N	\N	\N	2023-08-03 03:09:00.483666-05	\N
142	287eeb47-0b85-42bb-9a61-a8a0efbc544d	SUCCESS	application/json	utf-8	null	2023-08-03 03:10:00.472397-05	\N	{"children": []}	\N	\N	\N	\N	2023-08-03 03:10:00.472358-05	\N
143	d4688e55-3a38-4995-8c3e-3079a88416b9	SUCCESS	application/json	utf-8	null	2023-08-03 03:11:00.479737-05	\N	{"children": []}	\N	\N	\N	\N	2023-08-03 03:11:00.479708-05	\N
144	145d7bfc-00a3-4fc3-84b1-d8a2fea7c3ff	SUCCESS	application/json	utf-8	null	2023-08-03 03:12:00.483624-05	\N	{"children": []}	\N	\N	\N	\N	2023-08-03 03:12:00.483591-05	\N
145	5ceb6a7d-d017-4e27-90c1-2baeb55bd2f8	SUCCESS	application/json	utf-8	null	2023-08-03 03:13:00.457328-05	\N	{"children": []}	\N	\N	\N	\N	2023-08-03 03:13:00.457297-05	\N
146	f6e67c5d-04c4-4d13-83f9-d1ed0923db3f	SUCCESS	application/json	utf-8	null	2023-08-03 03:14:01.100837-05	\N	{"children": []}	\N	\N	\N	\N	2023-08-03 03:14:01.100802-05	\N
147	03231bd2-7564-4433-82bd-1e5aae837596	SUCCESS	application/json	utf-8	null	2023-08-03 03:15:00.470549-05	\N	{"children": []}	\N	\N	\N	\N	2023-08-03 03:15:00.470516-05	\N
148	cc641dc4-824e-4432-b1f4-87817e1ea126	SUCCESS	application/json	utf-8	null	2023-08-03 03:16:01.222436-05	\N	{"children": []}	\N	\N	\N	\N	2023-08-03 03:16:01.222402-05	\N
149	ad4225d7-b05d-4939-9d0f-418cfa15c846	SUCCESS	application/json	utf-8	null	2023-08-03 03:17:01.048794-05	\N	{"children": []}	\N	\N	\N	\N	2023-08-03 03:17:01.048761-05	\N
150	36a2cdc2-80b0-49b8-a9fb-a054afc1b871	SUCCESS	application/json	utf-8	null	2023-08-03 03:18:00.529232-05	\N	{"children": []}	\N	\N	\N	\N	2023-08-03 03:18:00.529199-05	\N
151	5637a913-b1d3-4b81-b7c8-1bc3ac712c8c	SUCCESS	application/json	utf-8	null	2023-08-03 03:19:00.47654-05	\N	{"children": []}	\N	\N	\N	\N	2023-08-03 03:19:00.476507-05	\N
152	e1f55203-8a5c-43e9-9c58-7c0d54474073	SUCCESS	application/json	utf-8	null	2023-08-03 03:20:00.462748-05	\N	{"children": []}	\N	\N	\N	\N	2023-08-03 03:20:00.462716-05	\N
153	2a1e2568-20ed-4c07-861c-62a275bc6421	SUCCESS	application/json	utf-8	null	2023-08-03 03:33:22.469948-05	\N	{"children": []}	\N	\N	\N	\N	2023-08-03 03:33:22.469923-05	\N
154	ca9bce8f-bd44-4b1a-8e2a-b0ecd218921b	SUCCESS	application/json	utf-8	null	2023-08-03 03:34:00.485079-05	\N	{"children": []}	\N	\N	\N	\N	2023-08-03 03:34:00.485043-05	\N
155	e8932a9f-7540-4863-bc31-fe0efb3140af	SUCCESS	application/json	utf-8	null	2023-08-03 03:39:41.406794-05	\N	{"children": []}	\N	\N	\N	\N	2023-08-03 03:39:41.406759-05	\N
156	d1d356d5-35d8-4685-bcdc-ece80a100176	SUCCESS	application/json	utf-8	null	2023-08-03 03:40:00.475151-05	\N	{"children": []}	\N	\N	\N	\N	2023-08-03 03:40:00.475116-05	\N
157	47f9d380-dfc6-475d-9ea0-05b3560cb759	SUCCESS	application/json	utf-8	null	2023-08-03 03:55:52.367534-05	\N	{"children": []}	\N	\N	\N	\N	2023-08-03 03:55:52.367511-05	\N
158	7c9d2ae0-2c96-49ec-a9d2-f81f126a7666	SUCCESS	application/json	utf-8	null	2023-08-03 03:56:00.432801-05	\N	{"children": []}	\N	\N	\N	\N	2023-08-03 03:56:00.432771-05	\N
159	8dd383b0-4a82-4f65-9afb-ee2b11a3a952	SUCCESS	application/json	utf-8	null	2023-08-03 04:11:56.319062-05	\N	{"children": []}	\N	\N	\N	\N	2023-08-03 04:11:56.318984-05	\N
160	919d7033-7e4a-486a-b886-a3d3e36346e6	SUCCESS	application/json	utf-8	null	2023-08-03 04:12:00.445177-05	\N	{"children": []}	\N	\N	\N	\N	2023-08-03 04:12:00.445141-05	\N
161	ca640fc1-5ae2-4074-b6ad-bf681b1a9c39	SUCCESS	application/json	utf-8	null	2023-08-03 04:13:00.476396-05	\N	{"children": []}	\N	\N	\N	\N	2023-08-03 04:13:00.476361-05	\N
162	24267590-f5f5-467a-9b2d-85240fa0ed31	SUCCESS	application/json	utf-8	null	2023-08-03 04:14:00.469031-05	\N	{"children": []}	\N	\N	\N	\N	2023-08-03 04:14:00.468999-05	\N
163	e52aefc5-2e5b-4436-a9aa-71482e2aa084	SUCCESS	application/json	utf-8	null	2023-08-03 04:15:00.467337-05	\N	{"children": []}	\N	\N	\N	\N	2023-08-03 04:15:00.467304-05	\N
164	d9243375-ba7e-492c-9b52-4f14b8ca5d0c	SUCCESS	application/json	utf-8	null	2023-08-03 04:16:00.473912-05	\N	{"children": []}	\N	\N	\N	\N	2023-08-03 04:16:00.473882-05	\N
165	77f458a6-5ae7-4388-a840-6f0581dfb6dd	SUCCESS	application/json	utf-8	null	2023-08-03 04:17:00.504994-05	\N	{"children": []}	\N	\N	\N	\N	2023-08-03 04:17:00.504959-05	\N
166	45a9b6d7-7650-4ab5-b4a7-7a7fdeb55dcd	SUCCESS	application/json	utf-8	null	2023-08-03 04:18:00.464953-05	\N	{"children": []}	\N	\N	\N	\N	2023-08-03 04:18:00.464935-05	\N
167	e9d77430-7cfd-49ad-97e7-b47fd7eece5a	SUCCESS	application/json	utf-8	null	2023-08-03 04:19:00.464248-05	\N	{"children": []}	\N	\N	\N	\N	2023-08-03 04:19:00.46421-05	\N
168	4a85348e-216f-46e8-ab88-502cdd53b7f3	SUCCESS	application/json	utf-8	null	2023-08-03 04:20:00.483656-05	\N	{"children": []}	\N	\N	\N	\N	2023-08-03 04:20:00.483626-05	\N
169	26d08629-2550-4583-b3c3-32da96c99959	SUCCESS	application/json	utf-8	null	2023-08-03 04:21:00.475607-05	\N	{"children": []}	\N	\N	\N	\N	2023-08-03 04:21:00.475576-05	\N
170	c5501a1d-52b6-4527-8f4f-2e900292cda5	SUCCESS	application/json	utf-8	null	2023-08-03 04:22:00.508849-05	\N	{"children": []}	\N	\N	\N	\N	2023-08-03 04:22:00.508819-05	\N
171	c936ef95-1430-4ead-b512-33c8d4a3da22	SUCCESS	application/json	utf-8	null	2023-08-03 04:23:00.479914-05	\N	{"children": []}	\N	\N	\N	\N	2023-08-03 04:23:00.479882-05	\N
172	f18b4727-a67c-49b0-b002-9a48d25ac6a9	SUCCESS	application/json	utf-8	null	2023-08-03 04:24:00.479029-05	\N	{"children": []}	\N	\N	\N	\N	2023-08-03 04:24:00.478993-05	\N
173	872b5a81-970a-413f-abb4-773940b128c4	SUCCESS	application/json	utf-8	null	2023-08-03 04:25:00.454738-05	\N	{"children": []}	\N	\N	\N	\N	2023-08-03 04:25:00.454702-05	\N
174	e959cb1f-5571-4ae3-9074-66a849d69c2c	SUCCESS	application/json	utf-8	null	2023-08-03 04:26:00.475544-05	\N	{"children": []}	\N	\N	\N	\N	2023-08-03 04:26:00.475508-05	\N
175	a40c426e-2412-4620-bc08-a49c5d06b2c1	SUCCESS	application/json	utf-8	null	2023-08-03 04:27:01.489907-05	\N	{"children": []}	\N	\N	\N	\N	2023-08-03 04:27:01.489875-05	\N
176	74a53625-3995-49ab-bf54-3ae1ea474ba1	SUCCESS	application/json	utf-8	null	2023-08-03 04:28:00.485606-05	\N	{"children": []}	\N	\N	\N	\N	2023-08-03 04:28:00.485573-05	\N
177	d8dfb3df-c1bf-4cac-b0d5-88fa2517976a	SUCCESS	application/json	utf-8	null	2023-08-03 04:29:00.459141-05	\N	{"children": []}	\N	\N	\N	\N	2023-08-03 04:29:00.459122-05	\N
178	bb2ca761-9ae8-4132-a027-d6c66c69b8c6	SUCCESS	application/json	utf-8	null	2023-08-03 04:30:00.468576-05	\N	{"children": []}	\N	\N	\N	\N	2023-08-03 04:30:00.468542-05	\N
179	25b2843b-e6ff-4230-949d-2e4404c040f8	SUCCESS	application/json	utf-8	null	2023-08-03 04:31:00.441942-05	\N	{"children": []}	\N	\N	\N	\N	2023-08-03 04:31:00.441908-05	\N
180	052895dc-e6eb-49dc-badf-2792edf7016d	SUCCESS	application/json	utf-8	null	2023-08-03 04:32:01.480779-05	\N	{"children": []}	\N	\N	\N	\N	2023-08-03 04:32:01.480753-05	\N
181	e20085f9-1f2f-43c4-8aca-13bb36894ce1	SUCCESS	application/json	utf-8	null	2023-08-03 04:33:00.461056-05	\N	{"children": []}	\N	\N	\N	\N	2023-08-03 04:33:00.461024-05	\N
182	ae1981ca-e6ee-481d-a057-b3009bb3f629	SUCCESS	application/json	utf-8	null	2023-08-03 04:34:00.458793-05	\N	{"children": []}	\N	\N	\N	\N	2023-08-03 04:34:00.458762-05	\N
183	edd1198f-a78b-4a81-9cb1-41fee3b8da23	SUCCESS	application/json	utf-8	null	2023-08-03 04:35:00.481495-05	\N	{"children": []}	\N	\N	\N	\N	2023-08-03 04:35:00.481461-05	\N
184	5751bb0e-9bca-4296-b966-721299decf86	SUCCESS	application/json	utf-8	null	2023-08-03 04:36:00.485206-05	\N	{"children": []}	\N	\N	\N	\N	2023-08-03 04:36:00.485172-05	\N
185	7e3996a9-66ac-4111-bf6a-1f86ae97406a	SUCCESS	application/json	utf-8	null	2023-08-03 04:37:00.460556-05	\N	{"children": []}	\N	\N	\N	\N	2023-08-03 04:37:00.460528-05	\N
186	cc1fa280-7ba7-4baf-9873-22115e56e094	SUCCESS	application/json	utf-8	null	2023-08-03 04:38:00.481777-05	\N	{"children": []}	\N	\N	\N	\N	2023-08-03 04:38:00.481747-05	\N
187	2702675f-ae81-4202-906a-c4f3b80707f6	SUCCESS	application/json	utf-8	null	2023-08-03 04:39:00.469302-05	\N	{"children": []}	\N	\N	\N	\N	2023-08-03 04:39:00.469268-05	\N
188	5cdc8c32-8a47-419c-816f-82c69088961b	SUCCESS	application/json	utf-8	null	2023-08-03 04:40:00.497949-05	\N	{"children": []}	\N	\N	\N	\N	2023-08-03 04:40:00.497916-05	\N
189	186e6165-b25b-4c0c-9d71-8d9b921d2eed	SUCCESS	application/json	utf-8	null	2023-08-03 04:41:00.469456-05	\N	{"children": []}	\N	\N	\N	\N	2023-08-03 04:41:00.469426-05	\N
190	bc75404a-e75f-4a63-b17e-e032d2d58a0d	SUCCESS	application/json	utf-8	null	2023-08-03 04:42:00.464879-05	\N	{"children": []}	\N	\N	\N	\N	2023-08-03 04:42:00.46485-05	\N
191	e0cd1310-91de-4c04-8026-b313cbcd4622	SUCCESS	application/json	utf-8	null	2023-08-03 04:43:00.47687-05	\N	{"children": []}	\N	\N	\N	\N	2023-08-03 04:43:00.476834-05	\N
192	4b59170f-44a6-497c-b736-cb3c786cd284	SUCCESS	application/json	utf-8	null	2023-08-03 04:44:00.462533-05	\N	{"children": []}	\N	\N	\N	\N	2023-08-03 04:44:00.462507-05	\N
193	c8077197-b16c-44c5-89d6-28cbffc91903	SUCCESS	application/json	utf-8	null	2023-08-03 04:45:00.481832-05	\N	{"children": []}	\N	\N	\N	\N	2023-08-03 04:45:00.481797-05	\N
194	74f98a32-80d1-4ec0-b68a-5130029794e1	SUCCESS	application/json	utf-8	null	2023-08-03 04:46:00.53691-05	\N	{"children": []}	\N	\N	\N	\N	2023-08-03 04:46:00.536881-05	\N
195	9152d222-0dd5-466e-88d6-1ae22dd4b334	SUCCESS	application/json	utf-8	null	2023-08-03 04:47:01.113177-05	\N	{"children": []}	\N	\N	\N	\N	2023-08-03 04:47:01.113148-05	\N
196	70eb3d72-629d-470e-a6ab-a3f5cab581ae	SUCCESS	application/json	utf-8	null	2023-08-03 04:48:00.468587-05	\N	{"children": []}	\N	\N	\N	\N	2023-08-03 04:48:00.468554-05	\N
197	475832cb-85ff-4cd0-b43f-5c1964111cd8	SUCCESS	application/json	utf-8	null	2023-08-03 04:49:00.476027-05	\N	{"children": []}	\N	\N	\N	\N	2023-08-03 04:49:00.475999-05	\N
198	2db42854-72b8-41e0-a488-6e432ab275e2	SUCCESS	application/json	utf-8	null	2023-08-03 04:50:00.476218-05	\N	{"children": []}	\N	\N	\N	\N	2023-08-03 04:50:00.476184-05	\N
199	92d20a6d-f414-4160-9373-b09aeea15f9a	SUCCESS	application/json	utf-8	null	2023-08-03 04:51:00.463836-05	\N	{"children": []}	\N	\N	\N	\N	2023-08-03 04:51:00.463801-05	\N
200	a3b9d6bd-f3c1-4e84-b628-53d2ac56cae5	SUCCESS	application/json	utf-8	null	2023-08-03 04:52:00.475005-05	\N	{"children": []}	\N	\N	\N	\N	2023-08-03 04:52:00.474974-05	\N
201	27ec20b7-ff94-4c23-9a05-104a349330be	SUCCESS	application/json	utf-8	null	2023-08-03 04:53:00.483408-05	\N	{"children": []}	\N	\N	\N	\N	2023-08-03 04:53:00.483381-05	\N
202	ac40fb36-0265-498c-94e5-a6d869b083fe	SUCCESS	application/json	utf-8	null	2023-08-03 04:54:00.487578-05	\N	{"children": []}	\N	\N	\N	\N	2023-08-03 04:54:00.487544-05	\N
203	f5712270-49d8-4cc2-9c8e-91c1f1bc6924	SUCCESS	application/json	utf-8	null	2023-08-03 04:55:00.536603-05	\N	{"children": []}	\N	\N	\N	\N	2023-08-03 04:55:00.536568-05	\N
204	4a16af08-0c95-4c22-bc5f-a94c08086976	SUCCESS	application/json	utf-8	null	2023-08-03 04:56:00.474897-05	\N	{"children": []}	\N	\N	\N	\N	2023-08-03 04:56:00.474861-05	\N
205	fd31ddda-88e4-4023-8166-16905d019ad3	SUCCESS	application/json	utf-8	null	2023-08-03 04:57:00.481391-05	\N	{"children": []}	\N	\N	\N	\N	2023-08-03 04:57:00.481359-05	\N
206	ebc8cb9a-dee5-4091-bb9d-e4703b237725	SUCCESS	application/json	utf-8	null	2023-08-03 04:58:00.457858-05	\N	{"children": []}	\N	\N	\N	\N	2023-08-03 04:58:00.457827-05	\N
207	9592096b-aab6-4024-986f-fdb9afa333c1	SUCCESS	application/json	utf-8	null	2023-08-03 04:59:00.47281-05	\N	{"children": []}	\N	\N	\N	\N	2023-08-03 04:59:00.472786-05	\N
208	682071f4-9339-4d4b-87d3-01a9a7b857cb	SUCCESS	application/json	utf-8	null	2023-08-03 05:00:00.452972-05	\N	{"children": []}	\N	\N	\N	\N	2023-08-03 05:00:00.452937-05	\N
209	513e0eb4-0d55-44a3-9123-1ad876df1eb0	SUCCESS	application/json	utf-8	null	2023-08-03 05:01:00.470147-05	\N	{"children": []}	\N	\N	\N	\N	2023-08-03 05:01:00.470115-05	\N
210	ae59f3fc-c8d1-449d-9660-5799dd35dcaa	SUCCESS	application/json	utf-8	null	2023-08-03 05:02:00.490642-05	\N	{"children": []}	\N	\N	\N	\N	2023-08-03 05:02:00.490605-05	\N
211	9a5493e7-aa17-4c8a-bbdf-8729a668ca4f	SUCCESS	application/json	utf-8	null	2023-08-03 05:03:00.43639-05	\N	{"children": []}	\N	\N	\N	\N	2023-08-03 05:03:00.436357-05	\N
212	4d1c2701-9dc1-4832-b73c-2e1a4e77fdf7	SUCCESS	application/json	utf-8	null	2023-08-03 05:04:00.469558-05	\N	{"children": []}	\N	\N	\N	\N	2023-08-03 05:04:00.469528-05	\N
213	264dd80d-6962-4389-a80a-9d0f4c9ab5a9	SUCCESS	application/json	utf-8	null	2023-08-03 05:05:00.465241-05	\N	{"children": []}	\N	\N	\N	\N	2023-08-03 05:05:00.465211-05	\N
214	54ecf379-a91f-431b-971b-238dcdbf21c4	SUCCESS	application/json	utf-8	null	2023-08-03 05:06:00.462496-05	\N	{"children": []}	\N	\N	\N	\N	2023-08-03 05:06:00.462461-05	\N
215	c094e482-0f16-4648-be4c-a076fd56a76a	SUCCESS	application/json	utf-8	null	2023-08-03 05:07:00.597496-05	\N	{"children": []}	\N	\N	\N	\N	2023-08-03 05:07:00.597461-05	\N
216	d44f159f-6003-41b4-98fc-dac58ddfe686	SUCCESS	application/json	utf-8	null	2023-08-03 05:08:00.464745-05	\N	{"children": []}	\N	\N	\N	\N	2023-08-03 05:08:00.464708-05	\N
217	da0301f2-7d77-47c2-bf54-e288ac1db33d	SUCCESS	application/json	utf-8	null	2023-08-03 05:09:00.477552-05	\N	{"children": []}	\N	\N	\N	\N	2023-08-03 05:09:00.477519-05	\N
218	7d7c3ba8-e2a5-488d-82e0-ace5ef2e332b	SUCCESS	application/json	utf-8	null	2023-08-03 05:10:00.46012-05	\N	{"children": []}	\N	\N	\N	\N	2023-08-03 05:10:00.460086-05	\N
219	4dfebc7f-64bc-4b21-865e-4a11b6ced6bb	SUCCESS	application/json	utf-8	null	2023-08-03 05:11:00.455098-05	\N	{"children": []}	\N	\N	\N	\N	2023-08-03 05:11:00.455068-05	\N
220	95941b2e-8b3a-4598-a295-202e271cb1d8	SUCCESS	application/json	utf-8	null	2023-08-03 05:12:00.469372-05	\N	{"children": []}	\N	\N	\N	\N	2023-08-03 05:12:00.469335-05	\N
221	c088dd95-b382-477b-be5c-272f9dac51a7	SUCCESS	application/json	utf-8	null	2023-08-03 05:13:00.464585-05	\N	{"children": []}	\N	\N	\N	\N	2023-08-03 05:13:00.46455-05	\N
222	04984dec-2f8f-4505-b930-7a99c87f7d26	SUCCESS	application/json	utf-8	null	2023-08-03 05:30:00.331121-05	\N	{"children": []}	\N	\N	\N	\N	2023-08-03 05:30:00.331091-05	\N
223	9750e9f4-33f9-4b52-af0c-c01bb3329ea0	SUCCESS	application/json	utf-8	null	2023-08-03 05:30:00.416993-05	\N	{"children": []}	\N	\N	\N	\N	2023-08-03 05:30:00.416928-05	\N
224	9cf5b3b3-bbed-4a03-9043-0b4a9a9cd388	SUCCESS	application/json	utf-8	null	2023-08-03 05:46:43.348133-05	\N	{"children": []}	\N	\N	\N	\N	2023-08-03 05:46:43.348097-05	\N
225	fee58c17-3cca-435d-9747-44e4a751eb00	SUCCESS	application/json	utf-8	null	2023-08-03 05:47:00.477319-05	\N	{"children": []}	\N	\N	\N	\N	2023-08-03 05:47:00.477283-05	\N
226	6606cd41-accd-43a0-a782-d84810a69eed	SUCCESS	application/json	utf-8	null	2023-08-03 05:48:00.475664-05	\N	{"children": []}	\N	\N	\N	\N	2023-08-03 05:48:00.47563-05	\N
227	5aeecc5f-cfa9-4177-a499-651bb28513bc	SUCCESS	application/json	utf-8	null	2023-08-03 05:49:00.479878-05	\N	{"children": []}	\N	\N	\N	\N	2023-08-03 05:49:00.479847-05	\N
228	711d89af-2850-43a6-96fe-cc9fe3f72953	SUCCESS	application/json	utf-8	null	2023-08-03 05:50:00.457086-05	\N	{"children": []}	\N	\N	\N	\N	2023-08-03 05:50:00.457064-05	\N
229	29efb2c0-4c02-41f0-aeca-3b38d7b107d7	SUCCESS	application/json	utf-8	null	2023-08-03 05:51:00.477155-05	\N	{"children": []}	\N	\N	\N	\N	2023-08-03 05:51:00.477126-05	\N
230	b789793f-6092-497c-8904-ddf8061a0855	SUCCESS	application/json	utf-8	null	2023-08-03 05:52:00.465293-05	\N	{"children": []}	\N	\N	\N	\N	2023-08-03 05:52:00.46526-05	\N
231	9d748867-437e-423a-a7dc-c4afb0c17c3e	SUCCESS	application/json	utf-8	null	2023-08-03 05:53:00.49736-05	\N	{"children": []}	\N	\N	\N	\N	2023-08-03 05:53:00.497325-05	\N
232	5ef41c3e-3df1-4d39-a15f-ec96ff9a3fed	SUCCESS	application/json	utf-8	null	2023-08-03 05:54:00.467519-05	\N	{"children": []}	\N	\N	\N	\N	2023-08-03 05:54:00.467486-05	\N
233	3916593b-7b4b-4b3b-9572-f6d35815043d	SUCCESS	application/json	utf-8	null	2023-08-03 05:55:01.488124-05	\N	{"children": []}	\N	\N	\N	\N	2023-08-03 05:55:01.488105-05	\N
234	25e33abf-1325-4ef8-af96-7082e2ff29c2	SUCCESS	application/json	utf-8	null	2023-08-03 05:56:00.469199-05	\N	{"children": []}	\N	\N	\N	\N	2023-08-03 05:56:00.469166-05	\N
235	06c8bbe4-a67a-4632-86de-3feb22dfb017	SUCCESS	application/json	utf-8	null	2023-08-03 05:57:00.47122-05	\N	{"children": []}	\N	\N	\N	\N	2023-08-03 05:57:00.471188-05	\N
236	7065894d-395e-4a14-9f42-badd61a1ae79	SUCCESS	application/json	utf-8	null	2023-08-03 05:58:00.472767-05	\N	{"children": []}	\N	\N	\N	\N	2023-08-03 05:58:00.472734-05	\N
237	b4f1a683-dc95-45f0-9c12-e61faf8d00b8	SUCCESS	application/json	utf-8	null	2023-08-03 05:59:00.460114-05	\N	{"children": []}	\N	\N	\N	\N	2023-08-03 05:59:00.46008-05	\N
238	2a75822b-9894-4401-9c80-b9d01fb702d6	SUCCESS	application/json	utf-8	null	2023-08-03 06:00:00.454927-05	\N	{"children": []}	\N	\N	\N	\N	2023-08-03 06:00:00.454895-05	\N
239	db79b78b-5bb0-41dc-8d1e-ca2eb47b8724	SUCCESS	application/json	utf-8	null	2023-08-03 06:01:00.465201-05	\N	{"children": []}	\N	\N	\N	\N	2023-08-03 06:01:00.465168-05	\N
240	c91d1f66-1b6e-416b-a2f2-9a93dfc88233	SUCCESS	application/json	utf-8	null	2023-08-03 06:02:00.475067-05	\N	{"children": []}	\N	\N	\N	\N	2023-08-03 06:02:00.475035-05	\N
241	efa4f8b6-81da-4d00-9f8d-31c203e7c43f	SUCCESS	application/json	utf-8	null	2023-08-03 06:03:00.470268-05	\N	{"children": []}	\N	\N	\N	\N	2023-08-03 06:03:00.470233-05	\N
242	3ba52adf-2492-4ec0-bcd1-ba0038ebb3d4	SUCCESS	application/json	utf-8	null	2023-08-03 06:04:00.471348-05	\N	{"children": []}	\N	\N	\N	\N	2023-08-03 06:04:00.471321-05	\N
243	35006c2e-dcd3-422f-a5db-689c8136feeb	SUCCESS	application/json	utf-8	null	2023-08-03 06:05:00.460357-05	\N	{"children": []}	\N	\N	\N	\N	2023-08-03 06:05:00.460324-05	\N
244	5cbcc6f4-6d24-4e35-b399-3664a7609c2a	SUCCESS	application/json	utf-8	null	2023-08-03 06:06:00.472738-05	\N	{"children": []}	\N	\N	\N	\N	2023-08-03 06:06:00.472702-05	\N
245	f01142e2-29e7-41e9-bd1f-7ccb3ece4314	SUCCESS	application/json	utf-8	null	2023-08-03 06:07:00.485016-05	\N	{"children": []}	\N	\N	\N	\N	2023-08-03 06:07:00.484986-05	\N
246	7bf250bd-5d5d-4600-bf69-01454ba3e95b	SUCCESS	application/json	utf-8	null	2023-08-03 06:08:01.475698-05	\N	{"children": []}	\N	\N	\N	\N	2023-08-03 06:08:01.475661-05	\N
247	31028b1e-19ef-4cc7-8549-1ce3d0346b11	SUCCESS	application/json	utf-8	null	2023-08-03 06:09:00.464819-05	\N	{"children": []}	\N	\N	\N	\N	2023-08-03 06:09:00.464789-05	\N
248	b7051df5-048c-4dde-bfae-27c43475f07d	SUCCESS	application/json	utf-8	null	2023-08-03 06:10:00.472638-05	\N	{"children": []}	\N	\N	\N	\N	2023-08-03 06:10:00.472604-05	\N
249	448d4ed9-f6a7-4786-92ba-143f5baa0d5b	SUCCESS	application/json	utf-8	null	2023-08-03 06:11:00.480799-05	\N	{"children": []}	\N	\N	\N	\N	2023-08-03 06:11:00.480766-05	\N
250	5445b202-4e87-4e22-9ee2-f0ccc9beec78	SUCCESS	application/json	utf-8	null	2023-08-03 06:12:00.461736-05	\N	{"children": []}	\N	\N	\N	\N	2023-08-03 06:12:00.461704-05	\N
251	1b9ab561-85e2-4200-b63f-9166bb0a9c3a	SUCCESS	application/json	utf-8	null	2023-08-03 06:13:00.455129-05	\N	{"children": []}	\N	\N	\N	\N	2023-08-03 06:13:00.455094-05	\N
252	db09d34d-4e60-4889-9798-17a1a62534ac	SUCCESS	application/json	utf-8	null	2023-08-03 06:14:00.465795-05	\N	{"children": []}	\N	\N	\N	\N	2023-08-03 06:14:00.465759-05	\N
253	a11df66e-13b2-4c70-a6ae-5543d1243fa1	SUCCESS	application/json	utf-8	null	2023-08-03 06:15:00.472203-05	\N	{"children": []}	\N	\N	\N	\N	2023-08-03 06:15:00.472166-05	\N
254	f83c6f2f-1ef7-48d3-abb4-f0f869123928	SUCCESS	application/json	utf-8	null	2023-08-03 06:16:00.491747-05	\N	{"children": []}	\N	\N	\N	\N	2023-08-03 06:16:00.491715-05	\N
255	d57e7608-c8be-471c-8c7b-752bcaa529cc	SUCCESS	application/json	utf-8	null	2023-08-03 06:17:01.410495-05	\N	{"children": []}	\N	\N	\N	\N	2023-08-03 06:17:01.410461-05	\N
256	0b0c76fb-e4f3-46de-b345-6e4e978aba16	SUCCESS	application/json	utf-8	null	2023-08-03 06:18:00.541187-05	\N	{"children": []}	\N	\N	\N	\N	2023-08-03 06:18:00.541153-05	\N
257	5964cb76-58db-475e-92f3-b9f27f888b0a	SUCCESS	application/json	utf-8	null	2023-08-03 06:19:00.489867-05	\N	{"children": []}	\N	\N	\N	\N	2023-08-03 06:19:00.48983-05	\N
258	3951bbf7-c00f-424c-8d0b-91c18ab95b29	SUCCESS	application/json	utf-8	null	2023-08-03 06:20:00.472739-05	\N	{"children": []}	\N	\N	\N	\N	2023-08-03 06:20:00.472707-05	\N
259	0d4dc9fd-b61e-487a-9465-bffdbd8c545d	SUCCESS	application/json	utf-8	null	2023-08-03 06:21:00.479897-05	\N	{"children": []}	\N	\N	\N	\N	2023-08-03 06:21:00.479865-05	\N
260	5bb2984c-8be6-47bb-9270-4dc4b039045f	SUCCESS	application/json	utf-8	null	2023-08-03 06:22:00.456946-05	\N	{"children": []}	\N	\N	\N	\N	2023-08-03 06:22:00.456915-05	\N
261	1fc4b2f7-6a93-4a93-b81a-e7169e80059f	SUCCESS	application/json	utf-8	null	2023-08-03 06:23:00.502606-05	\N	{"children": []}	\N	\N	\N	\N	2023-08-03 06:23:00.502569-05	\N
262	bc0b9371-19d4-436d-a34c-228e35c9df37	SUCCESS	application/json	utf-8	null	2023-08-03 06:24:00.480902-05	\N	{"children": []}	\N	\N	\N	\N	2023-08-03 06:24:00.480869-05	\N
263	f1b9614c-f45e-43cd-9116-e764574474b0	SUCCESS	application/json	utf-8	null	2023-08-03 06:25:00.454712-05	\N	{"children": []}	\N	\N	\N	\N	2023-08-03 06:25:00.45468-05	\N
264	637ab0ea-49d0-4fd9-a1bc-aca1e7832e2e	SUCCESS	application/json	utf-8	null	2023-08-03 06:26:00.976717-05	\N	{"children": []}	\N	\N	\N	\N	2023-08-03 06:26:00.976679-05	\N
265	c1e67432-7891-4226-9b7b-cb977457cf34	SUCCESS	application/json	utf-8	null	2023-08-03 06:27:00.458645-05	\N	{"children": []}	\N	\N	\N	\N	2023-08-03 06:27:00.458612-05	\N
266	0ce7011c-5492-4151-93b7-3fc35bbea57b	SUCCESS	application/json	utf-8	null	2023-08-03 06:28:01.074446-05	\N	{"children": []}	\N	\N	\N	\N	2023-08-03 06:28:01.074412-05	\N
267	c20bc246-19fe-4c5d-8d4f-45ff573a9979	SUCCESS	application/json	utf-8	null	2023-08-03 06:29:00.456605-05	\N	{"children": []}	\N	\N	\N	\N	2023-08-03 06:29:00.456584-05	\N
268	a36adb94-4031-417b-8931-81d6500e7816	SUCCESS	application/json	utf-8	null	2023-08-03 06:30:00.475121-05	\N	{"children": []}	\N	\N	\N	\N	2023-08-03 06:30:00.47509-05	\N
269	1365a45e-12c7-4ab3-a93d-09b5717845c5	SUCCESS	application/json	utf-8	null	2023-08-03 06:31:00.472499-05	\N	{"children": []}	\N	\N	\N	\N	2023-08-03 06:31:00.472468-05	\N
270	c166e40f-505a-4ce6-a28f-3ca339635df2	SUCCESS	application/json	utf-8	null	2023-08-03 06:32:00.46618-05	\N	{"children": []}	\N	\N	\N	\N	2023-08-03 06:32:00.466146-05	\N
271	6b544c0f-0b6b-4738-b0e0-acb1401129c2	SUCCESS	application/json	utf-8	null	2023-08-03 06:33:00.472278-05	\N	{"children": []}	\N	\N	\N	\N	2023-08-03 06:33:00.472245-05	\N
272	a9d1a94f-79e9-4316-87d3-c74db71e519d	SUCCESS	application/json	utf-8	null	2023-08-03 06:34:00.464619-05	\N	{"children": []}	\N	\N	\N	\N	2023-08-03 06:34:00.464602-05	\N
273	f0cd7c70-1510-433c-b9a7-36f4d484bf80	SUCCESS	application/json	utf-8	null	2023-08-03 06:35:00.479417-05	\N	{"children": []}	\N	\N	\N	\N	2023-08-03 06:35:00.479383-05	\N
274	c96f4488-dd84-4f83-a24f-9043750c3f9f	SUCCESS	application/json	utf-8	null	2023-08-03 06:36:00.477131-05	\N	{"children": []}	\N	\N	\N	\N	2023-08-03 06:36:00.477097-05	\N
275	c298514a-b35e-4d5e-ad9e-1c270dd2017c	SUCCESS	application/json	utf-8	null	2023-08-03 06:37:00.468368-05	\N	{"children": []}	\N	\N	\N	\N	2023-08-03 06:37:00.468335-05	\N
276	f363312a-2418-448b-bf56-97d21a7d5201	SUCCESS	application/json	utf-8	null	2023-08-03 06:38:00.458137-05	\N	{"children": []}	\N	\N	\N	\N	2023-08-03 06:38:00.458115-05	\N
277	ca4afb75-934f-45b9-9664-5463bf0f49a9	SUCCESS	application/json	utf-8	null	2023-08-03 06:39:00.477504-05	\N	{"children": []}	\N	\N	\N	\N	2023-08-03 06:39:00.477473-05	\N
278	4564e279-9846-4fc7-8920-6dadc506f197	SUCCESS	application/json	utf-8	null	2023-08-03 06:40:00.456768-05	\N	{"children": []}	\N	\N	\N	\N	2023-08-03 06:40:00.456734-05	\N
279	296cf405-80ca-4887-b049-7d42c6d1c7f2	SUCCESS	application/json	utf-8	null	2023-08-03 06:41:00.736185-05	\N	{"children": []}	\N	\N	\N	\N	2023-08-03 06:41:00.736154-05	\N
280	60242863-f4cd-4d66-acc9-4df4676feb13	SUCCESS	application/json	utf-8	null	2023-08-03 06:42:00.467374-05	\N	{"children": []}	\N	\N	\N	\N	2023-08-03 06:42:00.467344-05	\N
281	631a9d41-a01c-4d32-9324-d153de71605b	SUCCESS	application/json	utf-8	null	2023-08-03 06:43:00.473866-05	\N	{"children": []}	\N	\N	\N	\N	2023-08-03 06:43:00.47383-05	\N
282	7adb4180-6cb9-42a0-9ed2-544dc59c1c34	SUCCESS	application/json	utf-8	null	2023-08-03 06:44:00.45045-05	\N	{"children": []}	\N	\N	\N	\N	2023-08-03 06:44:00.450417-05	\N
283	c38d2e18-d72d-47a7-93f9-41c739b6f7fb	SUCCESS	application/json	utf-8	null	2023-08-03 06:45:00.476108-05	\N	{"children": []}	\N	\N	\N	\N	2023-08-03 06:45:00.476075-05	\N
284	58052ae3-e207-4daf-838e-64128ed37e5a	SUCCESS	application/json	utf-8	null	2023-08-03 06:46:00.482925-05	\N	{"children": []}	\N	\N	\N	\N	2023-08-03 06:46:00.48289-05	\N
285	48d2e7b7-96e1-4268-b9da-0cc57ad85a12	SUCCESS	application/json	utf-8	null	2023-08-03 06:47:00.473172-05	\N	{"children": []}	\N	\N	\N	\N	2023-08-03 06:47:00.47314-05	\N
286	1d0c932c-6a7c-4edb-be21-056710bf3ddd	SUCCESS	application/json	utf-8	null	2023-08-03 06:48:00.480624-05	\N	{"children": []}	\N	\N	\N	\N	2023-08-03 06:48:00.480589-05	\N
287	68207db5-8f4e-423f-9260-7f3707eefe15	SUCCESS	application/json	utf-8	null	2023-08-03 06:49:00.462465-05	\N	{"children": []}	\N	\N	\N	\N	2023-08-03 06:49:00.462433-05	\N
288	6b69b433-8d48-4165-a35a-20e9c422a0ec	SUCCESS	application/json	utf-8	null	2023-08-03 06:50:01.477117-05	\N	{"children": []}	\N	\N	\N	\N	2023-08-03 06:50:01.477078-05	\N
289	6b21a211-2f7e-4438-9be0-bda783e5973b	SUCCESS	application/json	utf-8	null	2023-08-03 06:51:00.476623-05	\N	{"children": []}	\N	\N	\N	\N	2023-08-03 06:51:00.476591-05	\N
290	20feeb9f-eebe-4df0-8fdf-e0036e47f383	SUCCESS	application/json	utf-8	null	2023-08-03 06:52:01.467365-05	\N	{"children": []}	\N	\N	\N	\N	2023-08-03 06:52:01.467336-05	\N
291	3b604da8-cd72-4a3a-b45a-cb87cf7e7abc	SUCCESS	application/json	utf-8	null	2023-08-03 06:53:00.46355-05	\N	{"children": []}	\N	\N	\N	\N	2023-08-03 06:53:00.463525-05	\N
292	e6207308-078a-4e97-8ae4-59271b171332	SUCCESS	application/json	utf-8	null	2023-08-03 06:54:00.455375-05	\N	{"children": []}	\N	\N	\N	\N	2023-08-03 06:54:00.45535-05	\N
293	21434951-8d6f-4a61-8f7b-cd27df80414d	SUCCESS	application/json	utf-8	null	2023-08-03 06:55:00.470542-05	\N	{"children": []}	\N	\N	\N	\N	2023-08-03 06:55:00.470512-05	\N
294	e6ef5bf1-d807-477b-aed8-84cd37247bd3	SUCCESS	application/json	utf-8	null	2023-08-03 06:56:00.499297-05	\N	{"children": []}	\N	\N	\N	\N	2023-08-03 06:56:00.499265-05	\N
295	f82f3936-1251-418b-892a-ef8b883927ed	SUCCESS	application/json	utf-8	null	2023-08-03 06:57:00.460522-05	\N	{"children": []}	\N	\N	\N	\N	2023-08-03 06:57:00.460502-05	\N
296	44123643-028d-4af5-8af3-02fc774def9e	SUCCESS	application/json	utf-8	null	2023-08-03 06:58:01.257459-05	\N	{"children": []}	\N	\N	\N	\N	2023-08-03 06:58:01.257421-05	\N
297	63349a77-44d0-4f3a-8ddf-9dd623093f4c	SUCCESS	application/json	utf-8	null	2023-08-03 06:59:00.469122-05	\N	{"children": []}	\N	\N	\N	\N	2023-08-03 06:59:00.469088-05	\N
298	f5c14728-1fef-44fa-afcb-6c31f54a8694	SUCCESS	application/json	utf-8	null	2023-08-03 07:00:00.480666-05	\N	{"children": []}	\N	\N	\N	\N	2023-08-03 07:00:00.48063-05	\N
299	6ddba24e-b06f-4a70-b1ec-bf516777c78d	SUCCESS	application/json	utf-8	null	2023-08-03 07:01:00.470391-05	\N	{"children": []}	\N	\N	\N	\N	2023-08-03 07:01:00.47036-05	\N
300	c41bb9c4-c411-44c8-ab24-7bd14a4d0c1a	SUCCESS	application/json	utf-8	null	2023-08-03 07:02:00.470029-05	\N	{"children": []}	\N	\N	\N	\N	2023-08-03 07:02:00.470002-05	\N
301	9d4f3e29-c37a-4b65-8956-6e498c5232a5	SUCCESS	application/json	utf-8	null	2023-08-03 07:03:01.440325-05	\N	{"children": []}	\N	\N	\N	\N	2023-08-03 07:03:01.440294-05	\N
302	b5ac320d-edaf-4d8d-a921-b9c3d365df9b	SUCCESS	application/json	utf-8	null	2023-08-03 07:04:00.463794-05	\N	{"children": []}	\N	\N	\N	\N	2023-08-03 07:04:00.463758-05	\N
303	ffdb2aaa-2096-46ac-ba05-6247de8a3bb5	SUCCESS	application/json	utf-8	null	2023-08-03 07:05:00.467674-05	\N	{"children": []}	\N	\N	\N	\N	2023-08-03 07:05:00.467639-05	\N
304	b5d7561f-b6b4-4257-9633-6e6cf6dbb483	SUCCESS	application/json	utf-8	null	2023-08-03 07:06:00.465687-05	\N	{"children": []}	\N	\N	\N	\N	2023-08-03 07:06:00.465655-05	\N
305	6261d1d8-a7c3-40c3-847f-27253456494d	SUCCESS	application/json	utf-8	null	2023-08-03 07:07:00.508401-05	\N	{"children": []}	\N	\N	\N	\N	2023-08-03 07:07:00.508368-05	\N
306	5dd952b1-c3d6-4f0a-bc10-5e0e1b5c4fd2	SUCCESS	application/json	utf-8	null	2023-08-03 07:08:00.455711-05	\N	{"children": []}	\N	\N	\N	\N	2023-08-03 07:08:00.455678-05	\N
307	223b0d50-324c-4e31-a4bd-c79f76ae3a7a	SUCCESS	application/json	utf-8	null	2023-08-03 07:09:00.456001-05	\N	{"children": []}	\N	\N	\N	\N	2023-08-03 07:09:00.455969-05	\N
308	c44c37f4-63e6-4558-8e15-1eb6e3135376	SUCCESS	application/json	utf-8	null	2023-08-03 07:10:00.459311-05	\N	{"children": []}	\N	\N	\N	\N	2023-08-03 07:10:00.459275-05	\N
309	5d248d0e-3f39-47e9-ab89-c4806b8a1a26	SUCCESS	application/json	utf-8	null	2023-08-03 07:11:00.460864-05	\N	{"children": []}	\N	\N	\N	\N	2023-08-03 07:11:00.460832-05	\N
310	a2737d64-99e5-4bb9-afed-31a1af16dc98	SUCCESS	application/json	utf-8	null	2023-08-03 07:12:00.90642-05	\N	{"children": []}	\N	\N	\N	\N	2023-08-03 07:12:00.906384-05	\N
311	9586a01c-5fcb-40b4-bb9b-4bcd37a1357a	SUCCESS	application/json	utf-8	null	2023-08-03 07:13:00.462108-05	\N	{"children": []}	\N	\N	\N	\N	2023-08-03 07:13:00.462082-05	\N
312	4561fb21-56f5-4daa-896a-4a235499d5ff	SUCCESS	application/json	utf-8	null	2023-08-03 07:14:01.331024-05	\N	{"children": []}	\N	\N	\N	\N	2023-08-03 07:14:01.330989-05	\N
313	f61168de-c1c6-4129-9cf6-0e50967e95b3	SUCCESS	application/json	utf-8	null	2023-08-03 07:15:00.479808-05	\N	{"children": []}	\N	\N	\N	\N	2023-08-03 07:15:00.479777-05	\N
314	24d4d1d9-4598-4da6-841d-07b17eae231e	SUCCESS	application/json	utf-8	null	2023-08-03 07:16:00.452841-05	\N	{"children": []}	\N	\N	\N	\N	2023-08-03 07:16:00.452816-05	\N
315	42ba14c5-33a5-4a4d-ad22-8cbd483d9cac	SUCCESS	application/json	utf-8	null	2023-08-03 07:17:00.476444-05	\N	{"children": []}	\N	\N	\N	\N	2023-08-03 07:17:00.47641-05	\N
316	70db606e-13d6-40a9-9697-cd219e0e13f5	SUCCESS	application/json	utf-8	null	2023-08-03 07:18:00.623871-05	\N	{"children": []}	\N	\N	\N	\N	2023-08-03 07:18:00.623852-05	\N
317	5ad5f606-8831-4785-b458-74824ea462e8	SUCCESS	application/json	utf-8	null	2023-08-03 07:19:00.493299-05	\N	{"children": []}	\N	\N	\N	\N	2023-08-03 07:19:00.493267-05	\N
318	b7aade4e-31d8-4cd9-bfe7-d3fcfac116b7	SUCCESS	application/json	utf-8	null	2023-08-03 07:20:00.473804-05	\N	{"children": []}	\N	\N	\N	\N	2023-08-03 07:20:00.473768-05	\N
319	c05c0bc8-df71-40ba-9dba-46674fba6ee9	SUCCESS	application/json	utf-8	null	2023-08-03 07:21:00.460075-05	\N	{"children": []}	\N	\N	\N	\N	2023-08-03 07:21:00.460045-05	\N
320	24627760-7bf4-4e4b-869f-e1e9b8f74a8b	SUCCESS	application/json	utf-8	null	2023-08-03 07:22:00.471522-05	\N	{"children": []}	\N	\N	\N	\N	2023-08-03 07:22:00.471488-05	\N
321	227e539c-8908-4228-ba05-1808c0f6ed8d	SUCCESS	application/json	utf-8	null	2023-08-03 07:23:01.491386-05	\N	{"children": []}	\N	\N	\N	\N	2023-08-03 07:23:01.491351-05	\N
322	033379bd-6d4b-4533-9f69-d5c4209afc8d	SUCCESS	application/json	utf-8	null	2023-08-03 07:24:00.459762-05	\N	{"children": []}	\N	\N	\N	\N	2023-08-03 07:24:00.459729-05	\N
323	c0d85f7c-33f9-46c3-b3ff-f881754dc8d3	SUCCESS	application/json	utf-8	null	2023-08-03 07:25:00.51809-05	\N	{"children": []}	\N	\N	\N	\N	2023-08-03 07:25:00.518057-05	\N
324	38865355-7840-4a24-a200-57475df3ea69	SUCCESS	application/json	utf-8	null	2023-08-03 07:26:00.473168-05	\N	{"children": []}	\N	\N	\N	\N	2023-08-03 07:26:00.473133-05	\N
325	1de7467a-0c97-4035-baf7-8e7a9b66adad	SUCCESS	application/json	utf-8	null	2023-08-03 07:27:00.462818-05	\N	{"children": []}	\N	\N	\N	\N	2023-08-03 07:27:00.462784-05	\N
326	17487ca0-7440-4184-b031-b7fd9cf92d22	SUCCESS	application/json	utf-8	null	2023-08-03 07:28:00.475633-05	\N	{"children": []}	\N	\N	\N	\N	2023-08-03 07:28:00.4756-05	\N
327	fba4bbf2-6abb-49b4-9813-4646413f3715	SUCCESS	application/json	utf-8	null	2023-08-03 07:29:00.4579-05	\N	{"children": []}	\N	\N	\N	\N	2023-08-03 07:29:00.457868-05	\N
328	ed53f186-2a7a-4d15-b4cb-cc9a2cd1df6b	SUCCESS	application/json	utf-8	null	2023-08-03 07:30:00.461569-05	\N	{"children": []}	\N	\N	\N	\N	2023-08-03 07:30:00.461533-05	\N
329	0fa0821f-6109-46ac-b2c3-2e7921a27374	SUCCESS	application/json	utf-8	null	2023-08-03 07:31:00.474335-05	\N	{"children": []}	\N	\N	\N	\N	2023-08-03 07:31:00.474299-05	\N
330	c4c5e7d8-805b-4800-b446-cf73f09d2cc6	SUCCESS	application/json	utf-8	null	2023-08-03 07:32:00.480169-05	\N	{"children": []}	\N	\N	\N	\N	2023-08-03 07:32:00.480137-05	\N
331	2c4bca8c-57bd-483c-8c8c-42e53de20721	SUCCESS	application/json	utf-8	null	2023-08-03 07:33:00.456906-05	\N	{"children": []}	\N	\N	\N	\N	2023-08-03 07:33:00.456867-05	\N
332	5eb7f047-393c-4497-a94e-f7d746c1ec30	SUCCESS	application/json	utf-8	null	2023-08-03 07:34:01.47186-05	\N	{"children": []}	\N	\N	\N	\N	2023-08-03 07:34:01.471835-05	\N
333	f9d5f80b-70b1-43a0-809e-cf1652b39c6e	SUCCESS	application/json	utf-8	null	2023-08-03 07:35:00.469684-05	\N	{"children": []}	\N	\N	\N	\N	2023-08-03 07:35:00.469649-05	\N
334	a9c3cf06-d378-4652-a67d-be2b9d35f077	SUCCESS	application/json	utf-8	null	2023-08-03 07:36:01.052798-05	\N	{"children": []}	\N	\N	\N	\N	2023-08-03 07:36:01.052769-05	\N
335	ca81fe11-5742-4778-88b9-d7f748699ab8	SUCCESS	application/json	utf-8	null	2023-08-03 07:37:00.46432-05	\N	{"children": []}	\N	\N	\N	\N	2023-08-03 07:37:00.46429-05	\N
336	8a9922fd-36e7-42dd-a32d-a8f155f8c64f	SUCCESS	application/json	utf-8	null	2023-08-03 07:38:00.841597-05	\N	{"children": []}	\N	\N	\N	\N	2023-08-03 07:38:00.841559-05	\N
337	100cc688-051e-463e-b391-1cceb2823af2	SUCCESS	application/json	utf-8	null	2023-08-03 07:39:00.475956-05	\N	{"children": []}	\N	\N	\N	\N	2023-08-03 07:39:00.475919-05	\N
338	4324284d-0a64-4104-8f8b-6eb262f6048c	SUCCESS	application/json	utf-8	null	2023-08-03 07:40:00.464499-05	\N	{"children": []}	\N	\N	\N	\N	2023-08-03 07:40:00.464464-05	\N
339	dea01c8c-accf-4653-a159-9f1a3177c0bb	SUCCESS	application/json	utf-8	null	2023-08-03 07:41:00.473566-05	\N	{"children": []}	\N	\N	\N	\N	2023-08-03 07:41:00.473538-05	\N
340	75557394-7d41-45bf-a08c-030a0f9ba834	SUCCESS	application/json	utf-8	null	2023-08-03 07:42:00.476575-05	\N	{"children": []}	\N	\N	\N	\N	2023-08-03 07:42:00.476542-05	\N
341	8aad2e0e-f982-47f4-9653-98177d825dad	SUCCESS	application/json	utf-8	null	2023-08-03 07:43:00.448597-05	\N	{"children": []}	\N	\N	\N	\N	2023-08-03 07:43:00.448563-05	\N
342	e1b1565f-9678-4764-9af5-06bdb7327687	SUCCESS	application/json	utf-8	null	2023-08-03 07:44:00.461975-05	\N	{"children": []}	\N	\N	\N	\N	2023-08-03 07:44:00.461942-05	\N
343	d598f185-98bd-4de8-a7ff-8da8c319f325	SUCCESS	application/json	utf-8	null	2023-08-03 07:45:01.486391-05	\N	{"children": []}	\N	\N	\N	\N	2023-08-03 07:45:01.486356-05	\N
344	f358c825-abb9-4967-a907-ac2f25a82c70	SUCCESS	application/json	utf-8	null	2023-08-03 07:46:00.477504-05	\N	{"children": []}	\N	\N	\N	\N	2023-08-03 07:46:00.47747-05	\N
345	027ca5d6-2233-4dbc-9768-7710afd65799	SUCCESS	application/json	utf-8	null	2023-08-03 07:47:01.467105-05	\N	{"children": []}	\N	\N	\N	\N	2023-08-03 07:47:01.467069-05	\N
346	e0e9fd18-672d-40dc-8e1a-0b212e3c6609	SUCCESS	application/json	utf-8	null	2023-08-03 07:48:00.48809-05	\N	{"children": []}	\N	\N	\N	\N	2023-08-03 07:48:00.488064-05	\N
347	7aefbdfe-9c0a-4162-a63a-9723a632b7e0	SUCCESS	application/json	utf-8	null	2023-08-03 08:04:02.413236-05	\N	{"children": []}	\N	\N	\N	\N	2023-08-03 08:04:02.413205-05	\N
348	ba47e437-b690-4219-a745-0e1898744a20	SUCCESS	application/json	utf-8	null	2023-08-03 08:20:51.382848-05	\N	{"children": []}	\N	\N	\N	\N	2023-08-03 08:20:51.382825-05	\N
349	f1a425ba-b4f3-4036-8700-e9c39785724a	SUCCESS	application/json	utf-8	null	2023-08-03 08:21:00.425162-05	\N	{"children": []}	\N	\N	\N	\N	2023-08-03 08:21:00.425124-05	\N
350	b18c2c31-ec6f-4b28-883f-c066c3856b15	SUCCESS	application/json	utf-8	null	2023-08-03 08:30:43.151238-05	\N	{"children": []}	\N	\N	\N	\N	2023-08-03 08:30:43.151202-05	\N
351	5bbc7009-bba8-4fbb-a2c5-16644aa7d46c	SUCCESS	application/json	utf-8	null	2023-08-03 08:31:00.462469-05	\N	{"children": []}	\N	\N	\N	\N	2023-08-03 08:31:00.462442-05	\N
352	8f44cb88-cf59-445e-a1d2-6a2b2b966857	SUCCESS	application/json	utf-8	null	2023-08-03 08:32:00.485462-05	\N	{"children": []}	\N	\N	\N	\N	2023-08-03 08:32:00.485425-05	\N
353	387f5216-407a-4593-8a11-4c3607fcb82f	SUCCESS	application/json	utf-8	null	2023-08-03 08:33:00.458634-05	\N	{"children": []}	\N	\N	\N	\N	2023-08-03 08:33:00.458604-05	\N
354	5dbf8259-e59c-4ec6-aca9-6eef726a6e0a	SUCCESS	application/json	utf-8	null	2023-08-03 08:34:00.469038-05	\N	{"children": []}	\N	\N	\N	\N	2023-08-03 08:34:00.469001-05	\N
355	d35b60ea-4da3-4ce6-9f1b-c8abbd55940b	SUCCESS	application/json	utf-8	null	2023-08-03 08:35:00.451551-05	\N	{"children": []}	\N	\N	\N	\N	2023-08-03 08:35:00.451518-05	\N
356	82746d3b-d052-430b-9580-e365351c3d9e	SUCCESS	application/json	utf-8	null	2023-08-03 08:36:00.458724-05	\N	{"children": []}	\N	\N	\N	\N	2023-08-03 08:36:00.458687-05	\N
357	0b1e6dfe-7715-4c47-a58b-d7dccf49bcd1	SUCCESS	application/json	utf-8	null	2023-08-03 08:37:00.462062-05	\N	{"children": []}	\N	\N	\N	\N	2023-08-03 08:37:00.46203-05	\N
358	379d5e14-0054-448a-b2c9-ff0d5522d484	SUCCESS	application/json	utf-8	null	2023-08-03 08:38:00.973704-05	\N	{"children": []}	\N	\N	\N	\N	2023-08-03 08:38:00.973668-05	\N
359	eb4d18ea-c5e2-4eb1-a375-6f28b5478fdc	SUCCESS	application/json	utf-8	null	2023-08-03 08:39:00.484743-05	\N	{"children": []}	\N	\N	\N	\N	2023-08-03 08:39:00.484712-05	\N
360	7ac89731-221a-4a8d-92fb-1dbdb498306a	SUCCESS	application/json	utf-8	null	2023-08-03 08:40:00.476303-05	\N	{"children": []}	\N	\N	\N	\N	2023-08-03 08:40:00.47627-05	\N
361	032abd75-df4f-4782-8543-f0c16e67b805	SUCCESS	application/json	utf-8	null	2023-08-03 08:41:00.454048-05	\N	{"children": []}	\N	\N	\N	\N	2023-08-03 08:41:00.454023-05	\N
362	10f5c086-760e-4a43-a7f6-a423f02cd2b8	SUCCESS	application/json	utf-8	null	2023-08-03 08:42:00.472783-05	\N	{"children": []}	\N	\N	\N	\N	2023-08-03 08:42:00.472748-05	\N
363	b7229312-bf9f-458e-a064-b2130c5489e3	SUCCESS	application/json	utf-8	null	2023-08-03 08:43:00.47183-05	\N	{"children": []}	\N	\N	\N	\N	2023-08-03 08:43:00.471802-05	\N
364	f7e352cc-f5d0-4cfe-9279-94e7dbec5025	SUCCESS	application/json	utf-8	null	2023-08-03 08:44:00.477432-05	\N	{"children": []}	\N	\N	\N	\N	2023-08-03 08:44:00.477397-05	\N
365	3644d050-bf6b-4279-ad31-3c3b2740b99e	SUCCESS	application/json	utf-8	null	2023-08-03 08:45:00.480911-05	\N	{"children": []}	\N	\N	\N	\N	2023-08-03 08:45:00.480876-05	\N
366	6115538c-d165-4861-bd95-bce6d7557c7b	SUCCESS	application/json	utf-8	null	2023-08-03 08:46:00.464932-05	\N	{"children": []}	\N	\N	\N	\N	2023-08-03 08:46:00.464899-05	\N
367	2d3a430d-47ba-4e5b-97ff-3214507cbe2c	SUCCESS	application/json	utf-8	null	2023-08-03 08:47:00.481399-05	\N	{"children": []}	\N	\N	\N	\N	2023-08-03 08:47:00.481384-05	\N
368	4788b42c-b302-4a0c-9df6-8ffe8bc02293	SUCCESS	application/json	utf-8	null	2023-08-03 08:48:00.488916-05	\N	{"children": []}	\N	\N	\N	\N	2023-08-03 08:48:00.488882-05	\N
369	ceacdd22-3157-4310-b522-ab4d10f8feb4	SUCCESS	application/json	utf-8	null	2023-08-03 08:49:00.461561-05	\N	{"children": []}	\N	\N	\N	\N	2023-08-03 08:49:00.461529-05	\N
370	d24e06d6-2832-4c5e-966a-5ded00f46010	SUCCESS	application/json	utf-8	null	2023-08-03 08:50:01.221122-05	\N	{"children": []}	\N	\N	\N	\N	2023-08-03 08:50:01.221087-05	\N
371	c86ec8f7-34fe-493f-8300-b1089dbe6181	SUCCESS	application/json	utf-8	null	2023-08-03 08:51:00.479324-05	\N	{"children": []}	\N	\N	\N	\N	2023-08-03 08:51:00.479288-05	\N
372	d455d02b-d930-413d-b770-3e2f77fdeab3	SUCCESS	application/json	utf-8	null	2023-08-03 08:52:00.465054-05	\N	{"children": []}	\N	\N	\N	\N	2023-08-03 08:52:00.465021-05	\N
373	d26dc756-0c4d-45d4-9845-7d033dbc8e14	SUCCESS	application/json	utf-8	null	2023-08-03 08:53:00.469379-05	\N	{"children": []}	\N	\N	\N	\N	2023-08-03 08:53:00.469351-05	\N
374	23a04be8-d1c8-4315-8323-67c165290e34	SUCCESS	application/json	utf-8	null	2023-08-03 08:54:00.475861-05	\N	{"children": []}	\N	\N	\N	\N	2023-08-03 08:54:00.475836-05	\N
375	4e524067-e759-4cd7-b67d-253c4724ab1e	SUCCESS	application/json	utf-8	null	2023-08-03 08:55:00.476812-05	\N	{"children": []}	\N	\N	\N	\N	2023-08-03 08:55:00.476789-05	\N
376	1a08e6dc-fcf7-4e12-aa89-1d95121a2925	SUCCESS	application/json	utf-8	null	2023-08-03 08:56:01.149646-05	\N	{"children": []}	\N	\N	\N	\N	2023-08-03 08:56:01.14963-05	\N
377	4e21b00e-b3ec-43a1-90a9-c3b9c92a1b4d	SUCCESS	application/json	utf-8	null	2023-08-03 08:57:00.923675-05	\N	{"children": []}	\N	\N	\N	\N	2023-08-03 08:57:00.923642-05	\N
378	4feb1eca-0f02-4f5d-a889-9a619d8252dc	SUCCESS	application/json	utf-8	null	2023-08-03 08:58:00.459325-05	\N	{"children": []}	\N	\N	\N	\N	2023-08-03 08:58:00.45929-05	\N
379	9339117d-cedc-4418-a7d9-91feb2a20d3c	SUCCESS	application/json	utf-8	null	2023-08-03 08:59:00.482339-05	\N	{"children": []}	\N	\N	\N	\N	2023-08-03 08:59:00.4823-05	\N
380	e0d6e3f9-ea3e-466d-ac77-bcd65fc914d8	SUCCESS	application/json	utf-8	null	2023-08-03 09:00:00.45227-05	\N	{"children": []}	\N	\N	\N	\N	2023-08-03 09:00:00.452241-05	\N
381	3d8411a0-33bc-4d8b-b1ed-113226774366	SUCCESS	application/json	utf-8	null	2023-08-03 09:01:00.778676-05	\N	{"children": []}	\N	\N	\N	\N	2023-08-03 09:01:00.778643-05	\N
382	d03f2d88-e263-45d9-9238-d5d3df520d36	SUCCESS	application/json	utf-8	null	2023-08-03 09:02:00.467773-05	\N	{"children": []}	\N	\N	\N	\N	2023-08-03 09:02:00.467742-05	\N
383	8655e9d3-b3c1-480b-8e16-45ae3f1cd752	SUCCESS	application/json	utf-8	null	2023-08-03 09:03:00.468485-05	\N	{"children": []}	\N	\N	\N	\N	2023-08-03 09:03:00.468452-05	\N
384	2205f7cf-b9a4-4192-911f-d94c2c31369f	SUCCESS	application/json	utf-8	null	2023-08-03 09:04:00.474459-05	\N	{"children": []}	\N	\N	\N	\N	2023-08-03 09:04:00.474423-05	\N
385	eae0705f-f1be-4126-9e47-c1c52f86b1a6	SUCCESS	application/json	utf-8	null	2023-08-03 09:05:00.483937-05	\N	{"children": []}	\N	\N	\N	\N	2023-08-03 09:05:00.483901-05	\N
386	7f1cdaef-3c0e-49d1-ab24-d3140b5daa28	SUCCESS	application/json	utf-8	null	2023-08-03 09:06:00.499433-05	\N	{"children": []}	\N	\N	\N	\N	2023-08-03 09:06:00.499398-05	\N
387	ef90cef0-947a-47c6-bb2e-382732dd4290	SUCCESS	application/json	utf-8	null	2023-08-03 09:07:00.491186-05	\N	{"children": []}	\N	\N	\N	\N	2023-08-03 09:07:00.491154-05	\N
388	847a76d2-cd85-483a-92cb-186b3214a4bb	SUCCESS	application/json	utf-8	null	2023-08-03 09:08:00.488874-05	\N	{"children": []}	\N	\N	\N	\N	2023-08-03 09:08:00.488848-05	\N
389	4342bb18-e573-4afe-a578-3eb6be0eaa57	SUCCESS	application/json	utf-8	null	2023-08-03 09:09:00.482919-05	\N	{"children": []}	\N	\N	\N	\N	2023-08-03 09:09:00.482882-05	\N
390	038a0ab8-1076-41cf-a617-de87c6bce228	SUCCESS	application/json	utf-8	null	2023-08-03 09:10:00.485863-05	\N	{"children": []}	\N	\N	\N	\N	2023-08-03 09:10:00.485826-05	\N
391	4d262e3d-c746-457b-a0e6-bb522b68877c	SUCCESS	application/json	utf-8	null	2023-08-03 09:11:00.455681-05	\N	{"children": []}	\N	\N	\N	\N	2023-08-03 09:11:00.455649-05	\N
392	b0b06862-aff3-4ef9-bf76-2f1155122583	SUCCESS	application/json	utf-8	null	2023-08-03 09:12:00.730652-05	\N	{"children": []}	\N	\N	\N	\N	2023-08-03 09:12:00.73062-05	\N
393	06f496ee-e4b1-47a9-ac75-5e9ded979c4a	SUCCESS	application/json	utf-8	null	2023-08-03 09:13:00.486694-05	\N	{"children": []}	\N	\N	\N	\N	2023-08-03 09:13:00.486671-05	\N
394	8b595fd8-c7c8-496e-ae44-033461e79775	SUCCESS	application/json	utf-8	null	2023-08-03 09:14:00.484924-05	\N	{"children": []}	\N	\N	\N	\N	2023-08-03 09:14:00.484907-05	\N
395	9169d948-cfbc-4458-8e37-f66a49204c82	SUCCESS	application/json	utf-8	null	2023-08-03 09:15:00.46412-05	\N	{"children": []}	\N	\N	\N	\N	2023-08-03 09:15:00.464087-05	\N
396	a7636d3c-78ed-4541-ac05-6329b8a552b2	SUCCESS	application/json	utf-8	null	2023-08-03 09:16:00.494101-05	\N	{"children": []}	\N	\N	\N	\N	2023-08-03 09:16:00.49407-05	\N
397	8cf53c34-66e4-4bad-912e-65e0ac124aee	SUCCESS	application/json	utf-8	null	2023-08-03 09:17:00.47076-05	\N	{"children": []}	\N	\N	\N	\N	2023-08-03 09:17:00.470726-05	\N
398	d6b2d552-83ad-428e-b26e-5f7e398d2648	SUCCESS	application/json	utf-8	null	2023-08-03 09:18:00.989008-05	\N	{"children": []}	\N	\N	\N	\N	2023-08-03 09:18:00.988974-05	\N
399	955ec778-fcfc-4fda-9ad7-18892208fa10	SUCCESS	application/json	utf-8	null	2023-08-03 09:19:00.529549-05	\N	{"children": []}	\N	\N	\N	\N	2023-08-03 09:19:00.529514-05	\N
400	5dc07817-f255-4cea-a8dd-da0b87f579d7	SUCCESS	application/json	utf-8	null	2023-08-03 09:20:00.492003-05	\N	{"children": []}	\N	\N	\N	\N	2023-08-03 09:20:00.491972-05	\N
401	ca9a5546-4337-4c1d-99f8-0b12aaa5453c	SUCCESS	application/json	utf-8	null	2023-08-03 09:21:00.460429-05	\N	{"children": []}	\N	\N	\N	\N	2023-08-03 09:21:00.460405-05	\N
402	2a8e2588-9e81-4031-a142-4788b22e04f3	SUCCESS	application/json	utf-8	null	2023-08-03 09:22:00.500305-05	\N	{"children": []}	\N	\N	\N	\N	2023-08-03 09:22:00.500269-05	\N
403	aefce02f-d362-4724-91f3-2dcde82a1f05	SUCCESS	application/json	utf-8	null	2023-08-03 09:23:01.04636-05	\N	{"children": []}	\N	\N	\N	\N	2023-08-03 09:23:01.046334-05	\N
404	67849088-57ab-4281-835c-16b6a06b93b0	SUCCESS	application/json	utf-8	null	2023-08-03 09:24:00.456637-05	\N	{"children": []}	\N	\N	\N	\N	2023-08-03 09:24:00.456606-05	\N
405	2ebe9116-95fc-4ade-983d-2c3867a263aa	SUCCESS	application/json	utf-8	null	2023-08-03 09:25:00.501713-05	\N	{"children": []}	\N	\N	\N	\N	2023-08-03 09:25:00.501682-05	\N
406	a0017506-213a-4ebe-ba06-2963ca06c44a	SUCCESS	application/json	utf-8	null	2023-08-03 09:26:00.454387-05	\N	{"children": []}	\N	\N	\N	\N	2023-08-03 09:26:00.454358-05	\N
407	e051dadc-3f60-42e3-80b1-cc0aafc0de47	SUCCESS	application/json	utf-8	null	2023-08-03 09:27:00.473532-05	\N	{"children": []}	\N	\N	\N	\N	2023-08-03 09:27:00.473515-05	\N
408	8ba49b73-3b2d-4f82-b3ee-686978cbf4fd	SUCCESS	application/json	utf-8	null	2023-08-03 09:28:00.474272-05	\N	{"children": []}	\N	\N	\N	\N	2023-08-03 09:28:00.474239-05	\N
409	5ed43731-0d06-4f80-b8d5-709069ac388d	SUCCESS	application/json	utf-8	null	2023-08-03 09:29:00.494975-05	\N	{"children": []}	\N	\N	\N	\N	2023-08-03 09:29:00.494941-05	\N
410	af499322-bb2c-4143-b9e5-39e6c29c5fae	SUCCESS	application/json	utf-8	null	2023-08-03 09:30:00.451262-05	\N	{"children": []}	\N	\N	\N	\N	2023-08-03 09:30:00.451233-05	\N
411	05df1702-cf46-4f00-b498-648aeded7414	SUCCESS	application/json	utf-8	null	2023-08-03 09:31:00.490509-05	\N	{"children": []}	\N	\N	\N	\N	2023-08-03 09:31:00.490476-05	\N
412	4d223ee8-2f7a-4dc2-a338-f1d3d606505e	SUCCESS	application/json	utf-8	null	2023-08-03 09:37:02.281827-05	\N	{"children": []}	\N	\N	\N	\N	2023-08-03 09:37:02.28179-05	\N
413	e9a1d107-52a4-4dd0-9efa-ebee5caa66c3	SUCCESS	application/json	utf-8	null	2023-08-03 09:38:24.80357-05	\N	{"children": []}	\N	\N	\N	\N	2023-08-03 09:38:24.803539-05	\N
414	01f1dc2b-f357-417f-8edb-1e72d2596e4e	SUCCESS	application/json	utf-8	null	2023-08-03 09:39:01.494034-05	\N	{"children": []}	\N	\N	\N	\N	2023-08-03 09:39:01.494002-05	\N
415	5054c9ca-e205-4cf9-9f89-9dc781fe42ef	SUCCESS	application/json	utf-8	null	2023-08-03 09:41:02.777019-05	\N	{"children": []}	\N	\N	\N	\N	2023-08-03 09:41:02.776984-05	\N
416	a8e9daee-f181-440d-8b50-b2dc70ad2343	SUCCESS	application/json	utf-8	null	2023-08-03 09:42:00.47248-05	\N	{"children": []}	\N	\N	\N	\N	2023-08-03 09:42:00.472448-05	\N
417	16cbfc3d-d84c-4fd2-9c5d-73e449de2cbb	SUCCESS	application/json	utf-8	null	2023-08-03 09:43:00.480425-05	\N	{"children": []}	\N	\N	\N	\N	2023-08-03 09:43:00.480392-05	\N
418	4f4f002f-f40f-46f0-ba9c-9016c78e776f	SUCCESS	application/json	utf-8	null	2023-08-03 09:44:01.493922-05	\N	{"children": []}	\N	\N	\N	\N	2023-08-03 09:44:01.493888-05	\N
419	5506addd-3309-4a6b-b565-4c90e9451bf6	SUCCESS	application/json	utf-8	null	2023-08-03 09:45:01.099101-05	\N	{"children": []}	\N	\N	\N	\N	2023-08-03 09:45:01.099082-05	\N
420	de0a10f0-9341-4028-8535-6ae5a3b11cc0	SUCCESS	application/json	utf-8	null	2023-08-03 09:46:00.470706-05	\N	{"children": []}	\N	\N	\N	\N	2023-08-03 09:46:00.470673-05	\N
421	6ebc8a55-5ee1-4752-828f-f11c3e6cb40e	SUCCESS	application/json	utf-8	null	2023-08-03 09:47:00.488675-05	\N	{"children": []}	\N	\N	\N	\N	2023-08-03 09:47:00.488646-05	\N
422	0c1fc3c6-8f04-4436-80cc-c4f8f5f9bce8	SUCCESS	application/json	utf-8	null	2023-08-03 09:48:00.485609-05	\N	{"children": []}	\N	\N	\N	\N	2023-08-03 09:48:00.485575-05	\N
423	34ad9054-2fae-432b-bff2-304bd39237cf	SUCCESS	application/json	utf-8	null	2023-08-03 09:49:00.484079-05	\N	{"children": []}	\N	\N	\N	\N	2023-08-03 09:49:00.484044-05	\N
424	08dcf3bf-edfa-48cb-a3a6-bb1e605a5b2d	SUCCESS	application/json	utf-8	null	2023-08-03 09:50:00.478468-05	\N	{"children": []}	\N	\N	\N	\N	2023-08-03 09:50:00.478433-05	\N
425	ae8d8eef-aa4f-4e7f-b0b3-6030dfad29c9	SUCCESS	application/json	utf-8	null	2023-08-03 09:51:00.482618-05	\N	{"children": []}	\N	\N	\N	\N	2023-08-03 09:51:00.482585-05	\N
426	dda37152-65c5-4650-ae36-584be8ad76ac	SUCCESS	application/json	utf-8	null	2023-08-03 09:52:00.47211-05	\N	{"children": []}	\N	\N	\N	\N	2023-08-03 09:52:00.472077-05	\N
427	036465ba-886c-4ad2-89df-40add8c342e9	SUCCESS	application/json	utf-8	null	2023-08-03 09:53:01.454633-05	\N	{"children": []}	\N	\N	\N	\N	2023-08-03 09:53:01.454598-05	\N
428	6301ab6f-80e0-4c74-84a5-25da1ca0cf85	SUCCESS	application/json	utf-8	null	2023-08-03 09:54:00.483816-05	\N	{"children": []}	\N	\N	\N	\N	2023-08-03 09:54:00.483783-05	\N
429	227ff197-e868-48ff-8450-9ac83b83f3f5	SUCCESS	application/json	utf-8	null	2023-08-03 09:55:00.465491-05	\N	{"children": []}	\N	\N	\N	\N	2023-08-03 09:55:00.465456-05	\N
430	b6666237-2a8d-4b52-832b-652c6c76a42c	SUCCESS	application/json	utf-8	null	2023-08-03 09:56:00.451712-05	\N	{"children": []}	\N	\N	\N	\N	2023-08-03 09:56:00.451678-05	\N
431	7b1e0ae3-750c-4aba-b094-d3399e9a5564	SUCCESS	application/json	utf-8	null	2023-08-03 09:57:00.486781-05	\N	{"children": []}	\N	\N	\N	\N	2023-08-03 09:57:00.48675-05	\N
432	ed8b35a7-98bb-4098-9a38-926469d0cd19	SUCCESS	application/json	utf-8	null	2023-08-03 10:04:17.591082-05	\N	{"children": []}	\N	\N	\N	\N	2023-08-03 10:04:17.59107-05	\N
433	61f43777-cfdd-4005-b3ef-07cdfd29797b	SUCCESS	application/json	utf-8	null	2023-08-03 10:22:06.698672-05	\N	{"children": []}	\N	\N	\N	\N	2023-08-03 10:22:06.698638-05	\N
434	cd157d51-003f-46ce-aea6-08e5b9c86c9f	SUCCESS	application/json	utf-8	null	2023-08-03 10:23:42.652228-05	\N	{"children": []}	\N	\N	\N	\N	2023-08-03 10:23:42.652199-05	\N
435	06fc9343-6d53-4552-ab7d-9cdd9ed8ac2a	SUCCESS	application/json	utf-8	null	2023-08-03 10:24:00.468298-05	\N	{"children": []}	\N	\N	\N	\N	2023-08-03 10:24:00.46826-05	\N
436	e539884a-038f-4e24-bac2-e3fee0119670	SUCCESS	application/json	utf-8	null	2023-08-03 10:25:00.461199-05	\N	{"children": []}	\N	\N	\N	\N	2023-08-03 10:25:00.461182-05	\N
437	50b8feec-9b44-4b43-ae3f-47cc6b4ef409	SUCCESS	application/json	utf-8	null	2023-08-03 10:26:00.478612-05	\N	{"children": []}	\N	\N	\N	\N	2023-08-03 10:26:00.478578-05	\N
438	2a28ad38-a088-4a50-b08e-182209bf5dde	SUCCESS	application/json	utf-8	null	2023-08-03 10:27:00.448187-05	\N	{"children": []}	\N	\N	\N	\N	2023-08-03 10:27:00.448168-05	\N
439	c9b28934-7162-4f8d-b575-15906f441aa9	SUCCESS	application/json	utf-8	null	2023-08-03 10:28:00.499424-05	\N	{"children": []}	\N	\N	\N	\N	2023-08-03 10:28:00.499408-05	\N
440	4e50aeaf-337f-4c1c-b8a9-fb4c8760dbfb	SUCCESS	application/json	utf-8	null	2023-08-03 10:29:00.439466-05	\N	{"children": []}	\N	\N	\N	\N	2023-08-03 10:29:00.439451-05	\N
441	b937abda-99d3-437a-9fed-c06c937c941d	SUCCESS	application/json	utf-8	null	2023-08-03 10:30:00.469103-05	\N	{"children": []}	\N	\N	\N	\N	2023-08-03 10:30:00.469057-05	\N
442	66dff490-479c-40f1-9437-1ba7deb4e110	SUCCESS	application/json	utf-8	null	2023-08-03 10:31:00.965137-05	\N	{"children": []}	\N	\N	\N	\N	2023-08-03 10:31:00.965122-05	\N
443	c7df3225-cff8-4a40-b056-4a60c2e4a69d	SUCCESS	application/json	utf-8	null	2023-08-03 10:32:00.532719-05	\N	{"children": []}	\N	\N	\N	\N	2023-08-03 10:32:00.532702-05	\N
444	d298ab58-d09e-453c-8a2b-b7163aaf1233	SUCCESS	application/json	utf-8	null	2023-08-03 10:33:00.456386-05	\N	{"children": []}	\N	\N	\N	\N	2023-08-03 10:33:00.456372-05	\N
445	06d71430-5de9-4b2c-a7c3-6c7426f67f17	SUCCESS	application/json	utf-8	null	2023-08-03 10:34:00.471666-05	\N	{"children": []}	\N	\N	\N	\N	2023-08-03 10:34:00.471651-05	\N
446	9da70685-0905-4b06-9666-f1797a51e714	SUCCESS	application/json	utf-8	null	2023-08-03 10:35:00.492508-05	\N	{"children": []}	\N	\N	\N	\N	2023-08-03 10:35:00.492472-05	\N
447	154a24b9-697b-4f4c-93d3-dbd414bc43a9	SUCCESS	application/json	utf-8	null	2023-08-03 10:36:01.050256-05	\N	{"children": []}	\N	\N	\N	\N	2023-08-03 10:36:01.05022-05	\N
448	4bfa7187-59dd-45f5-abcf-f31f8509fea2	SUCCESS	application/json	utf-8	null	2023-08-03 10:37:01.027394-05	\N	{"children": []}	\N	\N	\N	\N	2023-08-03 10:37:01.027359-05	\N
449	42c06fb2-67d8-4e35-9c04-7996ddf20483	SUCCESS	application/json	utf-8	null	2023-08-03 10:42:24.626217-05	\N	{"children": []}	\N	\N	\N	\N	2023-08-03 10:42:24.626181-05	\N
450	1c85b5da-7ffd-4db8-93a7-1e887e7bc7ca	SUCCESS	application/json	utf-8	null	2023-08-03 10:43:00.465502-05	\N	{"children": []}	\N	\N	\N	\N	2023-08-03 10:43:00.465473-05	\N
451	668b9569-c846-4b32-9889-829ca7c843ee	SUCCESS	application/json	utf-8	null	2023-08-03 10:44:00.47764-05	\N	{"children": []}	\N	\N	\N	\N	2023-08-03 10:44:00.477605-05	\N
452	212757f9-47c9-4350-8d7a-f1acf7a1e9c0	SUCCESS	application/json	utf-8	null	2023-08-03 10:45:00.442493-05	\N	{"children": []}	\N	\N	\N	\N	2023-08-03 10:45:00.442477-05	\N
453	75af0c5e-3a74-41f1-9ca6-0f4f329f0cf5	SUCCESS	application/json	utf-8	null	2023-08-03 10:46:00.487647-05	\N	{"children": []}	\N	\N	\N	\N	2023-08-03 10:46:00.487614-05	\N
454	7b6fa902-d3fa-432a-82aa-8e0c35db1de0	SUCCESS	application/json	utf-8	null	2023-08-03 10:47:00.742397-05	\N	{"children": []}	\N	\N	\N	\N	2023-08-03 10:47:00.742362-05	\N
455	a67e89ea-fca4-484a-9d8e-049ba9938bee	SUCCESS	application/json	utf-8	null	2023-08-03 10:48:00.498658-05	\N	{"children": []}	\N	\N	\N	\N	2023-08-03 10:48:00.498625-05	\N
456	d9be2c9a-90be-4e50-9a31-e513152e16b7	SUCCESS	application/json	utf-8	null	2023-08-03 10:49:00.526101-05	\N	{"children": []}	\N	\N	\N	\N	2023-08-03 10:49:00.52607-05	\N
457	81fb488c-66d5-40de-a6fc-4b798737ee64	SUCCESS	application/json	utf-8	null	2023-08-03 10:52:50.941425-05	\N	{"children": []}	\N	\N	\N	\N	2023-08-03 10:52:50.941392-05	\N
458	329b5031-13b4-440f-8872-410955359bd8	SUCCESS	application/json	utf-8	null	2023-08-03 10:53:00.528521-05	\N	{"children": []}	\N	\N	\N	\N	2023-08-03 10:53:00.528508-05	\N
459	72136303-f78f-406b-991a-8287690b4998	SUCCESS	application/json	utf-8	null	2023-08-03 10:54:00.473991-05	\N	{"children": []}	\N	\N	\N	\N	2023-08-03 10:54:00.473956-05	\N
460	74fad446-3b63-4824-a621-b0c4d29b4225	SUCCESS	application/json	utf-8	null	2023-08-03 10:55:00.449786-05	\N	{"children": []}	\N	\N	\N	\N	2023-08-03 10:55:00.44977-05	\N
461	a2127c2f-5c7e-4c82-acf4-2c6ac45e3159	SUCCESS	application/json	utf-8	null	2023-08-03 10:56:00.544025-05	\N	{"children": []}	\N	\N	\N	\N	2023-08-03 10:56:00.543997-05	\N
462	b3b73be8-cf53-4e21-91da-2ef06324991e	SUCCESS	application/json	utf-8	null	2023-08-03 10:57:00.500372-05	\N	{"children": []}	\N	\N	\N	\N	2023-08-03 10:57:00.50034-05	\N
463	c26bdf2b-29af-4a75-9f22-115d4fc63f6b	SUCCESS	application/json	utf-8	null	2023-08-03 10:58:42.622927-05	\N	{"children": []}	\N	\N	\N	\N	2023-08-03 10:58:42.622908-05	\N
464	711f91e2-d717-4897-a527-96a63e715f73	SUCCESS	application/json	utf-8	null	2023-08-03 11:02:55.74803-05	\N	{"children": []}	\N	\N	\N	\N	2023-08-03 11:02:55.747991-05	\N
465	347c73cb-52f4-4f51-b525-d125fa8c8308	SUCCESS	application/json	utf-8	null	2023-08-03 11:03:00.446343-05	\N	{"children": []}	\N	\N	\N	\N	2023-08-03 11:03:00.446307-05	\N
466	da13d5f8-6377-4441-b458-1c693e490370	SUCCESS	application/json	utf-8	null	2023-08-03 11:04:00.572427-05	\N	{"children": []}	\N	\N	\N	\N	2023-08-03 11:04:00.572415-05	\N
467	01ae7fc2-5250-4297-a80b-4fd61158fbde	SUCCESS	application/json	utf-8	null	2023-08-03 11:05:00.517743-05	\N	{"children": []}	\N	\N	\N	\N	2023-08-03 11:05:00.517704-05	\N
468	76f02614-67a7-44ab-9d25-a2ce9c6c033c	SUCCESS	application/json	utf-8	null	2023-08-03 11:06:00.464378-05	\N	{"children": []}	\N	\N	\N	\N	2023-08-03 11:06:00.464361-05	\N
469	2c6b331e-2ed0-40d6-8c82-f2e4fbddf7e7	SUCCESS	application/json	utf-8	null	2023-08-03 11:07:00.479586-05	\N	{"children": []}	\N	\N	\N	\N	2023-08-03 11:07:00.479571-05	\N
470	1f0031cc-5a3e-47ef-ba69-c10fdd0c9c27	SUCCESS	application/json	utf-8	null	2023-08-03 11:08:00.475947-05	\N	{"children": []}	\N	\N	\N	\N	2023-08-03 11:08:00.475934-05	\N
471	c75930d2-0433-473c-acbd-8842438a0709	SUCCESS	application/json	utf-8	null	2023-08-03 11:09:00.489001-05	\N	{"children": []}	\N	\N	\N	\N	2023-08-03 11:09:00.488975-05	\N
472	77a6d5a3-b46a-488c-9efe-0826293363c0	SUCCESS	application/json	utf-8	null	2023-08-03 11:10:00.471626-05	\N	{"children": []}	\N	\N	\N	\N	2023-08-03 11:10:00.471607-05	\N
473	19102e03-964f-4eeb-8864-4726b852ae57	SUCCESS	application/json	utf-8	null	2023-08-03 11:11:00.496418-05	\N	{"children": []}	\N	\N	\N	\N	2023-08-03 11:11:00.496396-05	\N
474	739fdd8c-3fa3-4c36-a34a-120d42d1402c	SUCCESS	application/json	utf-8	null	2023-08-03 11:12:00.458913-05	\N	{"children": []}	\N	\N	\N	\N	2023-08-03 11:12:00.458893-05	\N
475	fdab2bad-f371-48a5-a3ac-705a5991a4a4	SUCCESS	application/json	utf-8	null	2023-08-03 11:13:00.473325-05	\N	{"children": []}	\N	\N	\N	\N	2023-08-03 11:13:00.473296-05	\N
476	917965d2-38cc-4900-b1b6-f6750e0e1376	SUCCESS	application/json	utf-8	null	2023-08-03 11:14:00.488692-05	\N	{"children": []}	\N	\N	\N	\N	2023-08-03 11:14:00.488662-05	\N
477	08289ca3-47f7-450f-8183-a2f0012531e7	SUCCESS	application/json	utf-8	null	2023-08-03 11:15:00.50254-05	\N	{"children": []}	\N	\N	\N	\N	2023-08-03 11:15:00.502506-05	\N
478	89a835ad-4974-4de0-b9ff-8dc995d37643	SUCCESS	application/json	utf-8	null	2023-08-03 11:16:00.512368-05	\N	{"children": []}	\N	\N	\N	\N	2023-08-03 11:16:00.512327-05	\N
479	36b314c6-73f8-4a86-a649-c8eec70517a5	SUCCESS	application/json	utf-8	null	2023-08-03 11:17:00.535412-05	\N	{"children": []}	\N	\N	\N	\N	2023-08-03 11:17:00.535391-05	\N
480	fdf13cad-c2c0-4c9f-bfc7-203cdcbed6f8	SUCCESS	application/json	utf-8	null	2023-08-03 11:18:00.512879-05	\N	{"children": []}	\N	\N	\N	\N	2023-08-03 11:18:00.512858-05	\N
481	ebb3f524-e251-4350-ad5d-9cac15b5eccb	SUCCESS	application/json	utf-8	null	2023-08-03 11:19:00.45297-05	\N	{"children": []}	\N	\N	\N	\N	2023-08-03 11:19:00.452956-05	\N
482	aa15a0f0-2e83-43e2-a1d7-b4517b7471e6	SUCCESS	application/json	utf-8	null	2023-08-03 11:20:00.472723-05	\N	{"children": []}	\N	\N	\N	\N	2023-08-03 11:20:00.472695-05	\N
483	4d53ef78-a0d3-4e05-a5b0-ccbb9f629191	SUCCESS	application/json	utf-8	null	2023-08-03 11:21:00.492771-05	\N	{"children": []}	\N	\N	\N	\N	2023-08-03 11:21:00.492736-05	\N
484	f1b3f425-721a-4883-9000-7d76e0b1f973	SUCCESS	application/json	utf-8	null	2023-08-03 11:22:00.470603-05	\N	{"children": []}	\N	\N	\N	\N	2023-08-03 11:22:00.470587-05	\N
485	ba8e5d57-5a83-41b0-9744-7ec2d3cee08e	SUCCESS	application/json	utf-8	null	2023-08-03 11:23:00.486262-05	\N	{"children": []}	\N	\N	\N	\N	2023-08-03 11:23:00.486234-05	\N
486	6cb5be4f-7835-4df6-b2ca-5104da11ff86	SUCCESS	application/json	utf-8	null	2023-08-03 11:24:00.485572-05	\N	{"children": []}	\N	\N	\N	\N	2023-08-03 11:24:00.485527-05	\N
487	af553016-f870-4bae-bc15-e83fc380fb06	SUCCESS	application/json	utf-8	null	2023-08-03 11:25:00.46648-05	\N	{"children": []}	\N	\N	\N	\N	2023-08-03 11:25:00.46646-05	\N
488	fb9f36e1-82c9-454c-8c43-2a4233ae5b34	SUCCESS	application/json	utf-8	null	2023-08-03 11:26:00.55173-05	\N	{"children": []}	\N	\N	\N	\N	2023-08-03 11:26:00.5517-05	\N
489	14ee01bd-6615-4df6-981b-47146961fc25	SUCCESS	application/json	utf-8	null	2023-08-03 11:27:00.481504-05	\N	{"children": []}	\N	\N	\N	\N	2023-08-03 11:27:00.481487-05	\N
490	faf0d572-4239-4690-9a93-3ac23f9da625	SUCCESS	application/json	utf-8	null	2023-08-03 11:28:00.476838-05	\N	{"children": []}	\N	\N	\N	\N	2023-08-03 11:28:00.476821-05	\N
491	aed86a4d-bae3-4934-aa9a-105dd776af6b	SUCCESS	application/json	utf-8	null	2023-08-03 11:29:00.476489-05	\N	{"children": []}	\N	\N	\N	\N	2023-08-03 11:29:00.476462-05	\N
492	109ed034-c0e8-41fb-9a59-e374e6192ca2	SUCCESS	application/json	utf-8	null	2023-08-03 11:30:00.48045-05	\N	{"children": []}	\N	\N	\N	\N	2023-08-03 11:30:00.480417-05	\N
493	469d7502-b980-4daf-8845-463f7ab0fda2	SUCCESS	application/json	utf-8	null	2023-08-03 11:31:00.518336-05	\N	{"children": []}	\N	\N	\N	\N	2023-08-03 11:31:00.518313-05	\N
494	8e24ecda-6669-47b8-af3f-1d8bf6463e6e	SUCCESS	application/json	utf-8	null	2023-08-03 11:32:00.496878-05	\N	{"children": []}	\N	\N	\N	\N	2023-08-03 11:32:00.49684-05	\N
495	f68ad320-f694-4cd5-8104-e1efa79d2362	SUCCESS	application/json	utf-8	null	2023-08-03 11:33:00.467584-05	\N	{"children": []}	\N	\N	\N	\N	2023-08-03 11:33:00.467545-05	\N
496	9c7fd6fb-1694-4a23-a2b6-4e894376a944	SUCCESS	application/json	utf-8	null	2023-08-03 11:34:41.867828-05	\N	{"children": []}	\N	\N	\N	\N	2023-08-03 11:34:41.867793-05	\N
497	8389d181-245d-4089-8962-6fb00e7706c9	SUCCESS	application/json	utf-8	null	2023-08-03 11:51:48.268957-05	\N	{"children": []}	\N	\N	\N	\N	2023-08-03 11:51:48.268922-05	\N
498	6f39e908-6b13-4633-80a6-fee9457b348f	SUCCESS	application/json	utf-8	null	2023-08-03 12:05:43.289774-05	\N	{"children": []}	\N	\N	\N	\N	2023-08-03 12:05:43.28974-05	\N
499	818e855c-ff3d-420c-941c-2e97d5c2a432	SUCCESS	application/json	utf-8	null	2023-08-03 12:12:11.449296-05	\N	{"children": []}	\N	\N	\N	\N	2023-08-03 12:12:11.44926-05	\N
500	e034d084-7903-4bf2-b0cd-f9499d71752b	SUCCESS	application/json	utf-8	null	2023-08-03 12:19:24.072676-05	\N	{"children": []}	\N	\N	\N	\N	2023-08-03 12:19:24.072644-05	\N
501	60a167e9-a999-46d4-b627-880d07df2ae7	SUCCESS	application/json	utf-8	null	2023-08-03 12:23:03.26596-05	\N	{"children": []}	\N	\N	\N	\N	2023-08-03 12:23:03.265927-05	\N
502	6faa434a-aaae-4958-b94e-0204c1e645e5	SUCCESS	application/json	utf-8	null	2023-08-03 12:39:09.20528-05	\N	{"children": []}	\N	\N	\N	\N	2023-08-03 12:39:09.205263-05	\N
503	4a011fc3-5e11-4122-8d85-bc1b779ab2ec	SUCCESS	application/json	utf-8	null	2023-08-03 12:41:46.133617-05	\N	{"children": []}	\N	\N	\N	\N	2023-08-03 12:41:46.133602-05	\N
504	bfb8916b-04f0-470a-b2cd-7d4d9b86d185	SUCCESS	application/json	utf-8	null	2023-08-03 12:42:00.821497-05	\N	{"children": []}	\N	\N	\N	\N	2023-08-03 12:42:00.821478-05	\N
505	aabda53b-0325-4390-9dc8-e0ed8bc48dad	SUCCESS	application/json	utf-8	null	2023-08-03 12:43:00.49734-05	\N	{"children": []}	\N	\N	\N	\N	2023-08-03 12:43:00.497304-05	\N
506	e850161c-19a1-41ec-b816-6b5da5fa59d2	SUCCESS	application/json	utf-8	null	2023-08-03 12:44:00.487372-05	\N	{"children": []}	\N	\N	\N	\N	2023-08-03 12:44:00.487335-05	\N
507	c7639d5f-fef4-4ca8-a67d-3010d3afde76	SUCCESS	application/json	utf-8	null	2023-08-03 12:45:00.521026-05	\N	{"children": []}	\N	\N	\N	\N	2023-08-03 12:45:00.520994-05	\N
508	e2b934bb-9f10-4c06-86cd-d97c6bff5573	SUCCESS	application/json	utf-8	null	2023-08-03 12:46:14.559802-05	\N	{"children": []}	\N	\N	\N	\N	2023-08-03 12:46:14.559769-05	\N
509	f7e28199-ff19-4ad0-976e-2bb933412fab	SUCCESS	application/json	utf-8	null	2023-08-03 12:47:00.542766-05	\N	{"children": []}	\N	\N	\N	\N	2023-08-03 12:47:00.542735-05	\N
510	787260cf-ebe4-4465-8ed8-d49e0256858b	SUCCESS	application/json	utf-8	null	2023-08-03 12:48:00.489189-05	\N	{"children": []}	\N	\N	\N	\N	2023-08-03 12:48:00.489154-05	\N
511	c8327e8b-a3c7-48e0-8828-51c3c43c6478	SUCCESS	application/json	utf-8	null	2023-08-03 12:49:00.465128-05	\N	{"children": []}	\N	\N	\N	\N	2023-08-03 12:49:00.465117-05	\N
512	d2f97050-07d7-4ad9-bf1b-4a35e9430037	SUCCESS	application/json	utf-8	null	2023-08-03 12:50:00.48041-05	\N	{"children": []}	\N	\N	\N	\N	2023-08-03 12:50:00.480375-05	\N
513	d2604a8d-dff1-43e2-8797-976ff14f0e7c	SUCCESS	application/json	utf-8	null	2023-08-03 12:51:00.478186-05	\N	{"children": []}	\N	\N	\N	\N	2023-08-03 12:51:00.478172-05	\N
514	96e36240-1ab1-43d2-8e40-4d56cb3b5b50	SUCCESS	application/json	utf-8	null	2023-08-03 12:52:00.447817-05	\N	{"children": []}	\N	\N	\N	\N	2023-08-03 12:52:00.447801-05	\N
515	726e4f36-c97c-4f29-a668-34ceffa84efd	SUCCESS	application/json	utf-8	null	2023-08-03 12:53:00.460349-05	\N	{"children": []}	\N	\N	\N	\N	2023-08-03 12:53:00.46033-05	\N
516	5cefd207-2e0a-484a-9716-aa5618e04522	SUCCESS	application/json	utf-8	null	2023-08-03 12:54:00.494801-05	\N	{"children": []}	\N	\N	\N	\N	2023-08-03 12:54:00.494777-05	\N
517	4ff1fd98-cee9-4d22-95af-e0239f9a01b3	SUCCESS	application/json	utf-8	null	2023-08-03 12:55:00.467063-05	\N	{"children": []}	\N	\N	\N	\N	2023-08-03 12:55:00.46704-05	\N
518	4f535f4e-4d74-4ed6-8d21-b6bdf342d076	SUCCESS	application/json	utf-8	null	2023-08-03 12:56:00.469769-05	\N	{"children": []}	\N	\N	\N	\N	2023-08-03 12:56:00.469735-05	\N
519	c2353958-f881-4601-8261-6f8b0c0d353c	SUCCESS	application/json	utf-8	null	2023-08-03 12:57:00.518221-05	\N	{"children": []}	\N	\N	\N	\N	2023-08-03 12:57:00.518203-05	\N
520	bba2e277-8b5f-4831-b315-1464a78a0cf1	SUCCESS	application/json	utf-8	null	2023-08-03 12:58:00.497773-05	\N	{"children": []}	\N	\N	\N	\N	2023-08-03 12:58:00.497751-05	\N
521	740319de-9751-4d98-9c8a-2b176549877f	SUCCESS	application/json	utf-8	null	2023-08-03 12:59:00.48536-05	\N	{"children": []}	\N	\N	\N	\N	2023-08-03 12:59:00.485344-05	\N
522	c9dfc2ed-b46d-4ad3-9c6e-8249c96eb01d	SUCCESS	application/json	utf-8	null	2023-08-03 13:00:00.463663-05	\N	{"children": []}	\N	\N	\N	\N	2023-08-03 13:00:00.463644-05	\N
523	14f6418f-c4a7-4288-9593-7e408ad25cae	SUCCESS	application/json	utf-8	null	2023-08-03 13:01:00.505127-05	\N	{"children": []}	\N	\N	\N	\N	2023-08-03 13:01:00.505099-05	\N
524	f85b03cc-a246-4a39-a17b-c2607fd72b72	SUCCESS	application/json	utf-8	null	2023-08-03 13:02:00.438455-05	\N	{"children": []}	\N	\N	\N	\N	2023-08-03 13:02:00.438439-05	\N
525	ac7a49a3-41b1-404f-bfef-2a2b8de05797	SUCCESS	application/json	utf-8	null	2023-08-03 13:03:00.43261-05	\N	{"children": []}	\N	\N	\N	\N	2023-08-03 13:03:00.432592-05	\N
526	4683a8d6-f82b-4990-aad5-297687a16ee9	SUCCESS	application/json	utf-8	null	2023-08-03 13:04:02.60335-05	\N	{"children": []}	\N	\N	\N	\N	2023-08-03 13:04:02.603335-05	\N
527	34139084-3f11-4994-8d5a-ae4777cd3d94	SUCCESS	application/json	utf-8	null	2023-08-03 13:05:00.850803-05	\N	{"children": []}	\N	\N	\N	\N	2023-08-03 13:05:00.850765-05	\N
528	f2042931-2580-4415-8fdb-d1300944e7f7	SUCCESS	application/json	utf-8	null	2023-08-03 13:06:00.468981-05	\N	{"children": []}	\N	\N	\N	\N	2023-08-03 13:06:00.468964-05	\N
529	6349851a-6a58-4b6c-836e-d38115c9a7be	SUCCESS	application/json	utf-8	null	2023-08-03 13:07:00.473927-05	\N	{"children": []}	\N	\N	\N	\N	2023-08-03 13:07:00.473889-05	\N
530	32bf1b8a-75d8-476f-bdaa-2000ab8f3ee0	SUCCESS	application/json	utf-8	null	2023-08-03 13:08:00.459261-05	\N	{"children": []}	\N	\N	\N	\N	2023-08-03 13:08:00.459226-05	\N
531	7a9aa425-7991-446a-9934-a5ef64baadd4	SUCCESS	application/json	utf-8	null	2023-08-03 13:09:00.459019-05	\N	{"children": []}	\N	\N	\N	\N	2023-08-03 13:09:00.459006-05	\N
532	8e44c3bb-dbf3-45fb-8784-a09c99a1a543	SUCCESS	application/json	utf-8	null	2023-08-03 13:10:00.627012-05	\N	{"children": []}	\N	\N	\N	\N	2023-08-03 13:10:00.626982-05	\N
533	52bc1570-4ed4-4dca-8375-ebdbb907dc68	SUCCESS	application/json	utf-8	null	2023-08-03 13:11:00.467648-05	\N	{"children": []}	\N	\N	\N	\N	2023-08-03 13:11:00.467614-05	\N
534	7d4146ed-22ad-4551-b238-b6fa036222bc	SUCCESS	application/json	utf-8	null	2023-08-03 13:12:00.487891-05	\N	{"children": []}	\N	\N	\N	\N	2023-08-03 13:12:00.487854-05	\N
535	6c982e6b-7810-498d-a615-327abedec02e	SUCCESS	application/json	utf-8	null	2023-08-03 13:13:00.497285-05	\N	{"children": []}	\N	\N	\N	\N	2023-08-03 13:13:00.497248-05	\N
536	0a63ebc6-7779-4d1a-883c-9cc64fa6d8e6	SUCCESS	application/json	utf-8	null	2023-08-03 13:14:00.462108-05	\N	{"children": []}	\N	\N	\N	\N	2023-08-03 13:14:00.462075-05	\N
537	232635b5-e5aa-4293-9206-c5a0ae32dbfa	SUCCESS	application/json	utf-8	null	2023-08-03 13:15:00.467525-05	\N	{"children": []}	\N	\N	\N	\N	2023-08-03 13:15:00.467492-05	\N
538	a4be77a7-079b-4640-bfdf-16d9aaa2ef1c	SUCCESS	application/json	utf-8	null	2023-08-03 13:16:00.491632-05	\N	{"children": []}	\N	\N	\N	\N	2023-08-03 13:16:00.491618-05	\N
539	4e9ccc22-0a9a-42a7-9e24-1a10f088859f	SUCCESS	application/json	utf-8	null	2023-08-03 13:17:00.491292-05	\N	{"children": []}	\N	\N	\N	\N	2023-08-03 13:17:00.491263-05	\N
540	74fad012-fa47-4295-a824-0da46048642c	SUCCESS	application/json	utf-8	null	2023-08-03 13:18:00.615324-05	\N	{"children": []}	\N	\N	\N	\N	2023-08-03 13:18:00.615291-05	\N
541	3818ef97-4eb7-46ed-aefb-d5e4f10eeec3	SUCCESS	application/json	utf-8	null	2023-08-03 13:19:01.072689-05	\N	{"children": []}	\N	\N	\N	\N	2023-08-03 13:19:01.072651-05	\N
542	a3229235-d21d-4213-a7e6-23929ef2e007	SUCCESS	application/json	utf-8	null	2023-08-03 13:20:00.524048-05	\N	{"children": []}	\N	\N	\N	\N	2023-08-03 13:20:00.52402-05	\N
543	640c6320-4f5c-4d8b-b58d-545b12b2700c	SUCCESS	application/json	utf-8	null	2023-08-03 13:21:00.480928-05	\N	{"children": []}	\N	\N	\N	\N	2023-08-03 13:21:00.480892-05	\N
544	3eb0ecab-b166-43d3-b96b-a14844b0d4af	SUCCESS	application/json	utf-8	null	2023-08-03 13:22:00.518839-05	\N	{"children": []}	\N	\N	\N	\N	2023-08-03 13:22:00.518807-05	\N
545	36e758f7-193d-496e-8dfa-39c12addc3c0	SUCCESS	application/json	utf-8	null	2023-08-03 13:23:00.470015-05	\N	{"children": []}	\N	\N	\N	\N	2023-08-03 13:23:00.469982-05	\N
546	38ea8d71-32f5-4513-bb1d-5a1ee96e65e4	SUCCESS	application/json	utf-8	null	2023-08-03 13:24:00.457821-05	\N	{"children": []}	\N	\N	\N	\N	2023-08-03 13:24:00.457788-05	\N
547	ef8e4ad2-5d97-4d9e-9278-9776055d3ed8	SUCCESS	application/json	utf-8	null	2023-08-03 13:25:00.469681-05	\N	{"children": []}	\N	\N	\N	\N	2023-08-03 13:25:00.469656-05	\N
548	cdcfcb14-7c81-4ee2-b80b-a58375997732	SUCCESS	application/json	utf-8	null	2023-08-03 13:26:00.435008-05	\N	{"children": []}	\N	\N	\N	\N	2023-08-03 13:26:00.434996-05	\N
549	49d39937-562b-4d7d-9992-e06bb2c5a5a7	SUCCESS	application/json	utf-8	null	2023-08-03 13:27:00.488664-05	\N	{"children": []}	\N	\N	\N	\N	2023-08-03 13:27:00.488632-05	\N
550	05ce5361-ae63-4055-875a-cf80d36b1b6b	SUCCESS	application/json	utf-8	null	2023-08-03 13:28:00.441118-05	\N	{"children": []}	\N	\N	\N	\N	2023-08-03 13:28:00.441108-05	\N
551	8eb74237-437c-4e69-a502-be9c52cd8ccb	SUCCESS	application/json	utf-8	null	2023-08-03 13:29:00.468741-05	\N	{"children": []}	\N	\N	\N	\N	2023-08-03 13:29:00.468704-05	\N
552	df6bc9ce-dd21-4c7b-b95f-71fe09d61ca2	SUCCESS	application/json	utf-8	null	2023-08-03 13:30:00.498098-05	\N	{"children": []}	\N	\N	\N	\N	2023-08-03 13:30:00.498065-05	\N
553	fe6ce33a-6a11-4781-8e62-4699b691d63d	SUCCESS	application/json	utf-8	null	2023-08-03 13:31:00.60006-05	\N	{"children": []}	\N	\N	\N	\N	2023-08-03 13:31:00.600046-05	\N
554	96ccbd6d-b1f7-450e-9f9a-058e65fd45ff	SUCCESS	application/json	utf-8	null	2023-08-03 13:32:00.484506-05	\N	{"children": []}	\N	\N	\N	\N	2023-08-03 13:32:00.484456-05	\N
555	d61a80c0-480d-4d97-8f41-ccccd7c0541c	SUCCESS	application/json	utf-8	null	2023-08-03 13:33:00.461764-05	\N	{"children": []}	\N	\N	\N	\N	2023-08-03 13:33:00.461749-05	\N
556	b5dbcfe0-8c61-473e-a054-960edc695e10	SUCCESS	application/json	utf-8	null	2023-08-03 13:34:00.47225-05	\N	{"children": []}	\N	\N	\N	\N	2023-08-03 13:34:00.47221-05	\N
557	217a1627-60bb-4aaf-9235-db4946da308e	SUCCESS	application/json	utf-8	null	2023-08-03 13:35:00.479709-05	\N	{"children": []}	\N	\N	\N	\N	2023-08-03 13:35:00.47969-05	\N
558	b5e677ab-52cf-42b3-876c-08a97cef20e2	SUCCESS	application/json	utf-8	null	2023-08-03 13:36:00.474252-05	\N	{"children": []}	\N	\N	\N	\N	2023-08-03 13:36:00.474216-05	\N
559	de5c4003-79ea-4e4d-aca5-f97a4b445171	SUCCESS	application/json	utf-8	null	2023-08-03 13:37:00.469833-05	\N	{"children": []}	\N	\N	\N	\N	2023-08-03 13:37:00.469815-05	\N
560	14ff7a4b-498c-40b1-8d79-a8aa4ee1fe0a	SUCCESS	application/json	utf-8	null	2023-08-03 13:38:00.50008-05	\N	{"children": []}	\N	\N	\N	\N	2023-08-03 13:38:00.50005-05	\N
561	9bcd38c7-2310-46c2-807f-9b4d6c2f28a4	SUCCESS	application/json	utf-8	null	2023-08-03 13:39:00.46841-05	\N	{"children": []}	\N	\N	\N	\N	2023-08-03 13:39:00.468388-05	\N
562	1f178799-ac94-42c0-8043-d5683a78e967	SUCCESS	application/json	utf-8	null	2023-08-03 13:40:00.547927-05	\N	{"children": []}	\N	\N	\N	\N	2023-08-03 13:40:00.547915-05	\N
563	9a8ec0ee-c3fb-4f7a-b626-006598634963	SUCCESS	application/json	utf-8	null	2023-08-03 13:41:00.455945-05	\N	{"children": []}	\N	\N	\N	\N	2023-08-03 13:41:00.455933-05	\N
564	840dd4ca-d953-459b-b09a-89e2b2a487ba	SUCCESS	application/json	utf-8	null	2023-08-03 13:42:00.468531-05	\N	{"children": []}	\N	\N	\N	\N	2023-08-03 13:42:00.468497-05	\N
565	2f685f31-870e-484e-b069-2c5307a15229	SUCCESS	application/json	utf-8	null	2023-08-03 13:43:00.495772-05	\N	{"children": []}	\N	\N	\N	\N	2023-08-03 13:43:00.495735-05	\N
566	558de9c6-7a47-4052-aa2f-8098c13584a5	SUCCESS	application/json	utf-8	null	2023-08-03 13:44:00.484537-05	\N	{"children": []}	\N	\N	\N	\N	2023-08-03 13:44:00.484499-05	\N
567	c418e284-e479-4ae0-ab25-661f4d2a3e8b	SUCCESS	application/json	utf-8	null	2023-08-03 13:45:00.482983-05	\N	{"children": []}	\N	\N	\N	\N	2023-08-03 13:45:00.482948-05	\N
568	27f91110-b33c-4582-98c6-e63243c6d2dc	SUCCESS	application/json	utf-8	null	2023-08-03 13:46:00.493475-05	\N	{"children": []}	\N	\N	\N	\N	2023-08-03 13:46:00.493441-05	\N
569	1004c25f-8df1-4859-84ed-83a73cec946d	SUCCESS	application/json	utf-8	null	2023-08-03 13:47:00.491059-05	\N	{"children": []}	\N	\N	\N	\N	2023-08-03 13:47:00.49102-05	\N
570	66c07146-bf64-4d3c-a70e-12f11a6ea828	SUCCESS	application/json	utf-8	null	2023-08-03 13:48:00.496736-05	\N	{"children": []}	\N	\N	\N	\N	2023-08-03 13:48:00.496705-05	\N
571	0e40ce8a-2dd0-4238-a10d-552f4f0374dc	SUCCESS	application/json	utf-8	null	2023-08-03 13:49:00.499873-05	\N	{"children": []}	\N	\N	\N	\N	2023-08-03 13:49:00.499836-05	\N
572	6cded60e-a33d-4468-a9fd-81fd5c032383	SUCCESS	application/json	utf-8	null	2023-08-03 13:50:00.452551-05	\N	{"children": []}	\N	\N	\N	\N	2023-08-03 13:50:00.452514-05	\N
573	d9fb231e-5a12-4589-a103-2a70253fa1b8	SUCCESS	application/json	utf-8	null	2023-08-03 13:51:00.468874-05	\N	{"children": []}	\N	\N	\N	\N	2023-08-03 13:51:00.468839-05	\N
574	63780490-8bf0-4161-92e7-1cb1619338af	SUCCESS	application/json	utf-8	null	2023-08-03 13:52:00.460862-05	\N	{"children": []}	\N	\N	\N	\N	2023-08-03 13:52:00.460845-05	\N
575	c481a39f-4a11-4177-b755-363584bf9bb8	SUCCESS	application/json	utf-8	null	2023-08-03 13:53:00.496047-05	\N	{"children": []}	\N	\N	\N	\N	2023-08-03 13:53:00.496036-05	\N
576	f7782116-b557-4821-8068-72cb0c0e6486	SUCCESS	application/json	utf-8	null	2023-08-03 13:54:00.46601-05	\N	{"children": []}	\N	\N	\N	\N	2023-08-03 13:54:00.465995-05	\N
577	04cb95ec-87bc-4c44-b96f-07b83f23d3ff	SUCCESS	application/json	utf-8	null	2023-08-03 13:58:57.677374-05	\N	{"children": []}	\N	\N	\N	\N	2023-08-03 13:58:57.677326-05	\N
578	73367530-d79e-48b0-afd0-9b35653bff52	SUCCESS	application/json	utf-8	null	2023-08-03 13:59:00.051948-05	\N	{"children": []}	\N	\N	\N	\N	2023-08-03 13:59:00.051895-05	\N
579	aa3b1ae6-e9ff-4536-8fd7-608f2f8e91c9	SUCCESS	application/json	utf-8	null	2023-08-03 14:10:33.885729-05	\N	{"children": []}	\N	\N	\N	\N	2023-08-03 14:10:33.885696-05	\N
580	cc75a12d-6688-4ecb-a580-41b875542528	SUCCESS	application/json	utf-8	null	2023-08-03 14:11:27.539631-05	\N	{"children": []}	\N	\N	\N	\N	2023-08-03 14:11:27.539569-05	\N
581	5d0e108f-eda3-43ad-b5ec-d2bdf4e1756d	SUCCESS	application/json	utf-8	null	2023-08-03 14:12:21.597005-05	\N	{"children": []}	\N	\N	\N	\N	2023-08-03 14:12:21.596852-05	\N
582	29288412-4a98-4da4-b043-9252e55d1208	SUCCESS	application/json	utf-8	null	2023-08-03 14:13:00.508114-05	\N	{"children": []}	\N	\N	\N	\N	2023-08-03 14:13:00.508084-05	\N
583	1ebd8d44-0c35-42ab-92b3-bf0f6d203051	SUCCESS	application/json	utf-8	null	2023-08-03 14:14:00.517135-05	\N	{"children": []}	\N	\N	\N	\N	2023-08-03 14:14:00.517099-05	\N
584	0d4973bf-1858-4ac5-ba45-213b15b50566	SUCCESS	application/json	utf-8	null	2023-08-03 14:15:00.739847-05	\N	{"children": []}	\N	\N	\N	\N	2023-08-03 14:15:00.739819-05	\N
585	0bd5f90b-fd6a-4dd5-b21e-ff7e7f07b175	SUCCESS	application/json	utf-8	null	2023-08-03 14:16:00.818524-05	\N	{"children": []}	\N	\N	\N	\N	2023-08-03 14:16:00.81849-05	\N
586	d5ea0fd2-05e3-438e-862f-9b4d7851322e	SUCCESS	application/json	utf-8	null	2023-08-03 14:17:00.46828-05	\N	{"children": []}	\N	\N	\N	\N	2023-08-03 14:17:00.468247-05	\N
587	dc90ba4b-c6d3-4933-a29c-790cbcf04db1	SUCCESS	application/json	utf-8	null	2023-08-03 14:18:00.509341-05	\N	{"children": []}	\N	\N	\N	\N	2023-08-03 14:18:00.509305-05	\N
588	35549d5e-b8de-4e9b-a9ed-505437c20fd9	SUCCESS	application/json	utf-8	null	2023-08-03 14:19:00.526309-05	\N	{"children": []}	\N	\N	\N	\N	2023-08-03 14:19:00.52628-05	\N
589	290175ad-b03d-4957-a0d8-d74d69e12eca	SUCCESS	application/json	utf-8	null	2023-08-03 14:20:00.5204-05	\N	{"children": []}	\N	\N	\N	\N	2023-08-03 14:20:00.520364-05	\N
590	f45080bf-0c8d-44c5-baca-4e90ab2289f1	SUCCESS	application/json	utf-8	null	2023-08-03 14:21:00.493991-05	\N	{"children": []}	\N	\N	\N	\N	2023-08-03 14:21:00.493956-05	\N
591	07754faf-0d1e-4f82-877d-2e21b77d193a	SUCCESS	application/json	utf-8	null	2023-08-03 14:22:00.549985-05	\N	{"children": []}	\N	\N	\N	\N	2023-08-03 14:22:00.549973-05	\N
592	078a945e-9059-4c38-b064-8a0f0a5c1e81	SUCCESS	application/json	utf-8	null	2023-08-03 14:23:00.501746-05	\N	{"children": []}	\N	\N	\N	\N	2023-08-03 14:23:00.501712-05	\N
593	2f07d38f-491e-4ea2-920e-f6d777bd7b5a	SUCCESS	application/json	utf-8	null	2023-08-03 14:24:00.482074-05	\N	{"children": []}	\N	\N	\N	\N	2023-08-03 14:24:00.482041-05	\N
594	5f09dc80-c2ab-45e1-9b08-d7bd374ed28d	SUCCESS	application/json	utf-8	null	2023-08-03 14:25:00.5177-05	\N	{"children": []}	\N	\N	\N	\N	2023-08-03 14:25:00.517671-05	\N
595	25642d3e-f7c0-49c7-918f-3634c70c36de	SUCCESS	application/json	utf-8	null	2023-08-03 14:26:00.526986-05	\N	{"children": []}	\N	\N	\N	\N	2023-08-03 14:26:00.526951-05	\N
596	4a8f9e5b-f021-4e51-9d51-870d2927edd7	SUCCESS	application/json	utf-8	null	2023-08-03 14:27:00.490208-05	\N	{"children": []}	\N	\N	\N	\N	2023-08-03 14:27:00.490172-05	\N
597	6644e631-6f8d-4a21-8d0f-f1d549043ecf	SUCCESS	application/json	utf-8	null	2023-08-03 14:28:00.503156-05	\N	{"children": []}	\N	\N	\N	\N	2023-08-03 14:28:00.50313-05	\N
598	225909ad-36d6-4ed0-9ab5-305f033350a1	SUCCESS	application/json	utf-8	null	2023-08-03 14:29:00.515475-05	\N	{"children": []}	\N	\N	\N	\N	2023-08-03 14:29:00.515455-05	\N
599	6bea62e6-be73-4260-b265-3f5a660f54ce	SUCCESS	application/json	utf-8	null	2023-08-03 14:30:00.479107-05	\N	{"children": []}	\N	\N	\N	\N	2023-08-03 14:30:00.479088-05	\N
600	4e5c6350-a84e-42a9-a424-22a685fc2a3e	SUCCESS	application/json	utf-8	null	2023-08-03 14:31:00.555637-05	\N	{"children": []}	\N	\N	\N	\N	2023-08-03 14:31:00.555626-05	\N
601	07f40afe-351c-4386-a235-9680d13c9d8f	SUCCESS	application/json	utf-8	null	2023-08-03 14:32:00.656661-05	\N	{"children": []}	\N	\N	\N	\N	2023-08-03 14:32:00.656625-05	\N
602	1582891f-310d-43a2-9c6b-53670b807091	SUCCESS	application/json	utf-8	null	2023-08-03 14:33:00.472332-05	\N	{"children": []}	\N	\N	\N	\N	2023-08-03 14:33:00.472307-05	\N
603	07db0ec7-a50a-44fe-ad74-0253bdd4c0d6	SUCCESS	application/json	utf-8	null	2023-08-03 14:34:00.467412-05	\N	{"children": []}	\N	\N	\N	\N	2023-08-03 14:34:00.467372-05	\N
604	32881355-3095-499c-8c12-3afb70d1327c	SUCCESS	application/json	utf-8	null	2023-08-03 14:35:00.501314-05	\N	{"children": []}	\N	\N	\N	\N	2023-08-03 14:35:00.501283-05	\N
605	db9aaef4-dc5d-48fc-9840-baf17ab3d27c	SUCCESS	application/json	utf-8	null	2023-08-03 14:36:00.484149-05	\N	{"children": []}	\N	\N	\N	\N	2023-08-03 14:36:00.484137-05	\N
606	43d280fd-c4de-44c0-96e0-959af304aa1f	SUCCESS	application/json	utf-8	null	2023-08-03 14:37:00.487616-05	\N	{"children": []}	\N	\N	\N	\N	2023-08-03 14:37:00.487594-05	\N
607	efe1ca6b-e421-44e5-9210-99af307e9e6e	SUCCESS	application/json	utf-8	null	2023-08-03 14:38:00.502053-05	\N	{"children": []}	\N	\N	\N	\N	2023-08-03 14:38:00.50202-05	\N
608	bfb01195-f2fe-46b1-9213-0d9c01761aea	SUCCESS	application/json	utf-8	null	2023-08-03 14:39:00.510258-05	\N	{"children": []}	\N	\N	\N	\N	2023-08-03 14:39:00.510227-05	\N
609	d3b311cc-1b4b-4cf4-881a-ebdcf9cf57d7	SUCCESS	application/json	utf-8	null	2023-08-03 14:40:00.539444-05	\N	{"children": []}	\N	\N	\N	\N	2023-08-03 14:40:00.539411-05	\N
610	bad2f6d4-fb68-4bcc-a620-606d72cb5aab	SUCCESS	application/json	utf-8	null	2023-08-03 14:41:00.464736-05	\N	{"children": []}	\N	\N	\N	\N	2023-08-03 14:41:00.464722-05	\N
611	3d96fca0-a024-44b1-b70d-b71622eacf0a	SUCCESS	application/json	utf-8	null	2023-08-03 14:42:00.490391-05	\N	{"children": []}	\N	\N	\N	\N	2023-08-03 14:42:00.490357-05	\N
612	5c7b3e06-6f33-4aea-98d9-c7918aa3ea4b	SUCCESS	application/json	utf-8	null	2023-08-03 14:43:00.516966-05	\N	{"children": []}	\N	\N	\N	\N	2023-08-03 14:43:00.516932-05	\N
613	105ae12f-e5ce-4395-8c5d-fd1299410bc6	SUCCESS	application/json	utf-8	null	2023-08-03 14:44:00.506288-05	\N	{"children": []}	\N	\N	\N	\N	2023-08-03 14:44:00.506253-05	\N
614	b5d52d87-7ec0-4666-a1bb-db41ca144ad1	SUCCESS	application/json	utf-8	null	2023-08-03 14:45:00.524336-05	\N	{"children": []}	\N	\N	\N	\N	2023-08-03 14:45:00.524303-05	\N
615	6e5135aa-71dc-48a9-95cb-14084ec03368	SUCCESS	application/json	utf-8	null	2023-08-03 14:46:00.4944-05	\N	{"children": []}	\N	\N	\N	\N	2023-08-03 14:46:00.494372-05	\N
616	5a10ef98-35c9-4e87-bfcd-105c6d440649	SUCCESS	application/json	utf-8	null	2023-08-03 14:47:01.061396-05	\N	{"children": []}	\N	\N	\N	\N	2023-08-03 14:47:01.061384-05	\N
617	6cc2ae64-0f33-439e-87c6-6ba3058af8f3	SUCCESS	application/json	utf-8	null	2023-08-03 14:48:00.505539-05	\N	{"children": []}	\N	\N	\N	\N	2023-08-03 14:48:00.50551-05	\N
618	6d75b104-22e5-46e5-8109-95049a34558e	SUCCESS	application/json	utf-8	null	2023-08-03 14:49:00.469559-05	\N	{"children": []}	\N	\N	\N	\N	2023-08-03 14:49:00.469529-05	\N
619	ae840263-eaae-4a19-8326-5469ad1c9bbf	SUCCESS	application/json	utf-8	null	2023-08-03 14:50:00.505895-05	\N	{"children": []}	\N	\N	\N	\N	2023-08-03 14:50:00.50586-05	\N
\.


--
-- Data for Name: django_content_type; Type: TABLE DATA; Schema: public; Owner: test
--

COPY public.django_content_type (id, app_label, model) FROM stdin;
1	admin	logentry
2	auth	permission
3	auth	group
4	contenttypes	contenttype
5	sessions	session
6	users	user
7	users	profile
8	core	tag
9	core	post
10	core	comment
11	core	like
12	scraping	news
13	core	urlsub
14	core	news
15	django_celery_beat	crontabschedule
16	django_celery_beat	intervalschedule
17	django_celery_beat	periodictask
18	django_celery_beat	periodictasks
19	django_celery_beat	solarschedule
20	django_celery_beat	clockedschedule
21	django_celery_results	taskresult
22	django_celery_results	chordcounter
23	django_celery_results	groupresult
24	core	contact
25	ContactUs	contact
26	taggit	tag
27	taggit	taggeditem
28	URLsub	urlsub
29	core	blogfullrecommend
30	Search	searchhistory
31	core	userpostinteraction
\.


--
-- Data for Name: django_migrations; Type: TABLE DATA; Schema: public; Owner: test
--

COPY public.django_migrations (id, app, name, applied) FROM stdin;
1	contenttypes	0001_initial	2023-05-08 11:39:10.897443-05
2	contenttypes	0002_remove_content_type_name	2023-05-08 11:39:10.901953-05
3	auth	0001_initial	2023-05-08 11:39:10.923577-05
4	auth	0002_alter_permission_name_max_length	2023-05-08 11:39:10.927564-05
5	auth	0003_alter_user_email_max_length	2023-05-08 11:39:10.930358-05
6	auth	0004_alter_user_username_opts	2023-05-08 11:39:10.933392-05
7	auth	0005_alter_user_last_login_null	2023-05-08 11:39:10.936634-05
8	auth	0006_require_contenttypes_0002	2023-05-08 11:39:10.938015-05
9	auth	0007_alter_validators_add_error_messages	2023-05-08 11:39:10.94144-05
10	auth	0008_alter_user_username_max_length	2023-05-08 11:39:10.944825-05
11	auth	0009_alter_user_last_name_max_length	2023-05-08 11:39:10.948206-05
12	auth	0010_alter_group_name_max_length	2023-05-08 11:39:10.952766-05
13	auth	0011_update_proxy_permissions	2023-05-08 11:39:10.956158-05
14	auth	0012_alter_user_first_name_max_length	2023-05-08 11:39:10.959561-05
15	users	0001_initial	2023-05-08 11:39:10.983973-05
16	admin	0001_initial	2023-05-08 11:39:10.994218-05
17	admin	0002_logentry_remove_auto_add	2023-05-08 11:39:11.00014-05
18	admin	0003_logentry_add_action_flag_choices	2023-05-08 11:39:11.005065-05
20	sessions	0001_initial	2023-05-08 11:39:11.031122-05
21	users	0002_alter_user_email	2023-05-08 11:39:11.037836-05
22	users	0003_profile	2023-05-11 16:49:10.786612-05
24	core	0003_post_likes	2023-05-25 13:17:57.116714-05
25	core	0003_comment_user_like_dislike	2023-06-07 21:56:57.223966-05
33	core	0001_initial	2023-06-20 15:58:28.594815-05
34	core	0002_comment	2023-06-20 15:58:28.607431-05
35	core	0003_post_dislikes_post_likes	2023-06-20 15:58:28.632355-05
36	core	0004_remove_post_dislikes_remove_post_likes	2023-06-20 15:58:28.646959-05
37	core	0005_post_dislikes_post_likes	2023-06-20 15:58:28.674535-05
38	core	0006_remove_post_dislikes	2023-06-20 15:58:28.681742-05
39	core	0007_post_dislikes	2023-06-20 15:58:28.696146-05
40	core	0008_alter_comment_name	2023-06-20 15:58:28.708073-05
41	core	0009_alter_comment_name	2023-06-20 15:58:28.725067-05
42	core	0010_remove_post_dislikes_alter_post_likes	2023-06-21 11:15:47.189968-05
43	core	0011_remove_post_likes_like	2023-06-26 17:27:36.586984-05
44	scraping	0001_initial	2023-07-07 13:57:35.944676-05
45	core	0003_urlsub	2023-07-20 16:38:01.989886-05
46	core	0004_news	2023-07-20 16:41:25.204283-05
47	django_celery_beat	0001_initial	2023-07-25 13:14:59.858739-05
48	django_celery_beat	0002_auto_20161118_0346	2023-07-25 13:14:59.868878-05
49	django_celery_beat	0003_auto_20161209_0049	2023-07-25 13:14:59.874662-05
50	django_celery_beat	0004_auto_20170221_0000	2023-07-25 13:14:59.87756-05
51	django_celery_beat	0005_add_solarschedule_events_choices	2023-07-25 13:14:59.880536-05
52	django_celery_beat	0006_auto_20180322_0932	2023-07-25 13:14:59.901593-05
53	django_celery_beat	0007_auto_20180521_0826	2023-07-25 13:14:59.91036-05
54	django_celery_beat	0008_auto_20180914_1922	2023-07-25 13:14:59.922991-05
55	django_celery_beat	0006_auto_20180210_1226	2023-07-25 13:14:59.930338-05
56	django_celery_beat	0006_periodictask_priority	2023-07-25 13:14:59.935406-05
57	django_celery_beat	0009_periodictask_headers	2023-07-25 13:14:59.940313-05
58	django_celery_beat	0010_auto_20190429_0326	2023-07-25 13:15:00.010337-05
59	django_celery_beat	0011_auto_20190508_0153	2023-07-25 13:15:00.035405-05
60	django_celery_beat	0012_periodictask_expire_seconds	2023-07-25 13:15:00.040589-05
61	django_celery_beat	0013_auto_20200609_0727	2023-07-25 13:15:00.045765-05
62	django_celery_beat	0014_remove_clockedschedule_enabled	2023-07-25 13:15:00.049353-05
63	django_celery_beat	0015_edit_solarschedule_events_choices	2023-07-25 13:15:00.052762-05
64	django_celery_beat	0016_alter_crontabschedule_timezone	2023-07-25 13:15:00.056769-05
65	django_celery_beat	0017_alter_crontabschedule_month_of_year	2023-07-25 13:15:00.060453-05
66	django_celery_beat	0018_improve_crontab_helptext	2023-07-25 13:15:00.064092-05
67	django_celery_results	0001_initial	2023-07-25 13:15:00.089684-05
68	django_celery_results	0002_add_task_name_args_kwargs	2023-07-25 13:15:00.095998-05
69	django_celery_results	0003_auto_20181106_1101	2023-07-25 13:15:00.09882-05
70	django_celery_results	0004_auto_20190516_0412	2023-07-25 13:15:00.1178-05
71	django_celery_results	0005_taskresult_worker	2023-07-25 13:15:00.122337-05
72	django_celery_results	0006_taskresult_date_created	2023-07-25 13:15:00.136621-05
73	django_celery_results	0007_remove_taskresult_hidden	2023-07-25 13:15:00.139782-05
74	django_celery_results	0008_chordcounter	2023-07-25 13:15:00.149088-05
75	django_celery_results	0009_groupresult	2023-07-25 13:15:00.222414-05
76	django_celery_results	0010_remove_duplicate_indices	2023-07-25 13:15:00.228269-05
77	django_celery_results	0011_taskresult_periodic_task_name	2023-07-25 13:15:00.23179-05
78	core	0003_news	2023-07-31 23:29:23.892502-05
79	scraping	0002_remove_news_created_at_remove_news_published_and_more	2023-07-31 23:29:23.899236-05
80	scraping	0003_delete_news	2023-07-31 23:29:23.905502-05
81	core	0004_delete_news	2023-08-02 22:06:33.394656-05
82	scraping	0004_initial	2023-08-02 22:06:33.414071-05
83	core	0005_contact	2023-08-07 15:27:24.960649-05
84	core	0006_delete_contact	2023-08-08 12:50:27.805971-05
85	ContactUs	0001_initial	2023-08-08 12:51:15.414612-05
86	taggit	0001_initial	2023-08-11 11:23:05.244145-05
87	taggit	0002_auto_20150616_2121	2023-08-11 11:23:05.249658-05
88	taggit	0003_taggeditem_add_unique_index	2023-08-11 11:23:05.254438-05
89	taggit	0004_alter_taggeditem_content_type_alter_taggeditem_tag	2023-08-11 11:23:05.267126-05
90	taggit	0005_auto_20220424_2025	2023-08-11 11:23:05.269456-05
93	core	0007_blogfullrecommend	2023-08-25 23:11:14.005135-05
94	core	0008_comment_username	2023-08-26 12:39:59.459008-05
95	users	0002_alter_user_options_alter_user_managers_and_more	2023-08-26 13:42:49.303614-05
96	core	0009_rename_author_post_username	2023-08-26 13:43:51.668747-05
97	core	0010_alter_blogfullrecommend_options_and_more	2023-08-27 23:03:54.767513-05
98	URLsub	0001_initial	2023-09-11 15:49:29.32284-05
99	URLsub	0002_remove_urlsub_tags_urlsub_tags	2023-09-11 15:49:29.350449-05
100	users	0003_profile_avatar_profile_interests_and_more	2023-09-12 13:12:44.199074-05
101	users	0004_remove_profile_personal_description	2023-09-12 22:49:16.180294-05
102	users	0005_rename_image_profile_banner	2023-09-13 22:26:39.368982-05
103	users	0006_alter_profile_banner	2023-09-13 22:44:37.652978-05
104	users	0007_profile_timezone	2023-09-14 12:13:56.648268-05
105	core	0011_rename_username_comment_author_and_more	2023-09-14 15:22:36.507558-05
106	users	0008_alter_profile_timezone	2023-09-14 15:22:36.516216-05
107	core	0012_remove_tag_name_tag_tags	2023-09-18 13:54:22.078947-05
108	core	0002_remove_comment_name	2023-09-18 23:19:07.047474-05
109	URLsub	0003_remove_urlsub_url_urlsub_url	2023-09-20 13:46:41.811414-05
110	URLsub	0004_remove_urlsub_tags_remove_urlsub_url_urlsub_tags_and_more	2023-09-20 14:00:29.316937-05
111	Search	0001_initial	2023-09-20 14:36:25.692676-05
112	core	0003_userpostinteraction	2023-09-21 10:42:26.124485-05
113	core	0004_delete_userpostinteraction	2023-09-26 22:44:32.624984-05
\.


--
-- Data for Name: django_session; Type: TABLE DATA; Schema: public; Owner: test
--

COPY public.django_session (session_key, session_data, expire_date) FROM stdin;
zzvbvm23c7fxubu6f28m4in31c8mwi3h	.eJxVjDsOwjAQBe_iGlmJ119Kes5grXc3JIBiKU4qxN0hUgpo38y8l8q4rWPemix5YnVWoE6_W0F6yLwDvuN8q5rqvC5T0buiD9r0tbI8L4f7dzBiG7-1t76E2DmxKXUSejHQOQ-JkjXIxBBLGNCAoGM3QEAyEXxhG7nvo5B6fwDHyjev:1qBkws:Xpbek7ostl3h0miiLa7vlqmIMwOBNm-tVH7F4jsjIt8	2023-07-04 18:39:46.419074-05
8f5hmnni3s6tq2w6xzldvf59xqk668sy	.eJxVjDsOwjAQBe_iGlle_9ampOcMltcfHECOFCcV4u4QKQW0b2bei4W4rS1soyxhyuzMkJ1-N4rpUfoO8j3228zT3NdlIr4r_KCDX-dcnpfD_TtocbRvTdUlbbA6kmBBKq9AG02VrNAFi1XRJdKYyAsAL0yG4lHaiLaiBgXs_QHQBjbq:1qEHtz:neaPv2ySyDFjN09dMx_EgkVDjYsZEeU4bWLjWqYzVXg	2023-07-11 18:15:15.141782-05
239bl2x1inovbvkt997gq6p7kz885kut	.eJxVjMsOwiAQRf-FtSHlDS7d-w1kBhipGkhKuzL-uzbpQrf3nHNfLMK21riNssQ5szMT7PS7IaRHaTvId2i3zlNv6zIj3xV-0MGvPZfn5XD_DiqM-q0BKBRhIdugMwUppQpu0tZqL6lA8igNKUNJuokcklHCkbbaIHpF1rP3B-aeN70:1qLryO:dVeV03Yd_bN-_i3XlqiGUCavJq3HVUJeGnKeG4UmiDY	2023-08-01 16:11:08.978962-05
gaa14o9y43hm4x9kqworhp77bdk2u5cy	.eJxVjDsOwjAQBe_iGlm215-Ekp4zWGvvLgmgWMqnQtwdIqWA9s3Me6mM2zrkbeE5j6TOqlOn361gffC0A7rjdGu6tmmdx6J3RR900ddG_Lwc7t_BgMvwrdlFZ9gQQd9VIS4gAX0pFsCkPoEwkPWWKgUbMQWhUo1EF5w4wd6r9wf_2TiM:1qYAp1:o-lIekf2THBWUee6vUUWIUPVRnDoqFbbVIc6aYqhr8Y	2023-09-04 14:44:19.932707-05
zn79tsfjca7zkkb2ppvdeu9p1m3q5syr	.eJxVjDsOwjAQBe_iGlm215-Ekp4zWGvvLgmgWMqnQtwdIqWA9s3Me6mM2zrkbeE5j6TOqlOn361gffC0A7rjdGu6tmmdx6J3RR900ddG_Lwc7t_BgMvwrdlFZ9gQQd9VIS4gAX0pFsCkPoEwkPWWKgUbMQWhUo1EF5w4wd6r9wf_2TiM:1qYJCK:WNxBPf1LCh2kuQQA8GeAcQphWypx4f6oGVQxiBhmzMk	2023-09-04 23:40:56.314899-05
wjrczq2rx32crnd9bd49gm90pa88o0jl	.eJxVjDsOwjAQBe_iGlm215-Ekp4zWGvvLgmgWMqnQtwdIqWA9s3Me6mM2zrkbeE5j6TOqlOn361gffC0A7rjdGu6tmmdx6J3RR900ddG_Lwc7t_BgMvwrdlFZ9gQQd9VIS4gAX0pFsCkPoEwkPWWKgUbMQWhUo1EF5w4wd6r9wf_2TiM:1qaRw4:mrXeimSwqgV55h-5_bjZwHoixAyE8Ux0nkhkmIi6AUY	2023-09-10 21:25:00.646914-05
87mjjcla0f7fgv38sw2ibjc6kbhz4r0x	.eJxVjDsOwjAQBe_iGlm215-Ekp4zWGvvLgmgWMqnQtwdIqWA9s3Me6mM2zrkbeE5j6TOqlOn361gffC0A7rjdGu6tmmdx6J3RR900ddG_Lwc7t_BgMvwrdlFZ9gQQd9VIS4gAX0pFsCkPoEwkPWWKgUbMQWhUo1EF5w4wd6r9wf_2TiM:1qfmbO:rDrS7txzGX-sf1S8jYMUfyNhdEGy6qYmt9Vn-OPVtng	2023-09-25 14:29:42.803149-05
xolzrtskkzq67jezkb28mhaixuu1h9jz	.eJxVjDsOwjAQBe_iGlm215-Ekp4zWGvvLgmgWMqnQtwdIqWA9s3Me6mM2zrkbeE5j6TOqlOn361gffC0A7rjdGu6tmmdx6J3RR900ddG_Lwc7t_BgMvwrdlFZ9gQQd9VIS4gAX0pFsCkPoEwkPWWKgUbMQWhUo1EF5w4wd6r9wf_2TiM:1qfo25:JBrKQzboAH0M85uqjxpUaGwj4vbpybcdDwLIfrYas5M	2023-09-25 16:01:21.405329-05
9s2g6m5ogj3p9yz3rs19o01nz3d5jelf	.eJxVjDsOwjAQBe_iGlm215-Ekp4zWGvvLgmgWMqnQtwdIqWA9s3Me6mM2zrkbeE5j6TOqlOn361gffC0A7rjdGu6tmmdx6J3RR900ddG_Lwc7t_BgMvwrdlFZ9gQQd9VIS4gAX0pFsCkPoEwkPWWKgUbMQWhUo1EF5w4wd6r9wf_2TiM:1qgYCh:awvaWnsVOPcWfrCmf_fTE34vWAfUPmknMjAbbeICp9k	2023-09-27 17:19:23.015139-05
giw6kic4pdqj6l471uscr4p1xkcv0ntu	.eJxVjDsOwjAQBe_iGlm215-Ekp4zWGvvLgmgWMqnQtwdIqWA9s3Me6mM2zrkbeE5j6TOqlOn361gffC0A7rjdGu6tmmdx6J3RR900ddG_Lwc7t_BgMvwrdlFZ9gQQd9VIS4gAX0pFsCkPoEwkPWWKgUbMQWhUo1EF5w4wd6r9wf_2TiM:1qideI:q6DD1F1Mz8d1vBp9SPk8zAffcZv73_e0PdhQlWeM074	2023-10-03 11:32:30.884787-05
wtd1c80dmfgvfrg05h1vmlnlcbq1yhz1	.eJxVjDsOwjAQBe_iGlm215-Ekp4zWGvvLgmgWMqnQtwdIqWA9s3Me6mM2zrkbeE5j6TOqlOn361gffC0A7rjdGu6tmmdx6J3RR900ddG_Lwc7t_BgMvwrdlFZ9gQQd9VIS4gAX0pFsCkPoEwkPWWKgUbMQWhUo1EF5w4wd6r9wf_2TiM:1qj9oC:hKE7bbUHw26jOq8gVXClp1EBptJbVrUutFTxPUNxGyU	2023-10-04 21:52:52.629121-05
cm85cyk44s2kwggmz5joo7g5p0yhizrn	.eJxVjDsOwjAQBe_iGlm215-Ekp4zWGvvLgmgWMqnQtwdIqWA9s3Me6mM2zrkbeE5j6TOqlOn361gffC0A7rjdGu6tmmdx6J3RR900ddG_Lwc7t_BgMvwrdlFZ9gQQd9VIS4gAX0pFsCkPoEwkPWWKgUbMQWhUo1EF5w4wd6r9wf_2TiM:1qjA0V:Ge3Jnd627XFJpOGUoH6vV53QnSjlIf8FsodH7MeQbz8	2023-10-04 22:05:35.198397-05
a1god2po6tmn5x1s53eytdnr4eiiz80o	.eJxVjDsOwjAQBe_iGlm215-Ekp4zWGvvLgmgWMqnQtwdIqWA9s3Me6mM2zrkbeE5j6TOqlOn361gffC0A7rjdGu6tmmdx6J3RR900ddG_Lwc7t_BgMvwrdlFZ9gQQd9VIS4gAX0pFsCkPoEwkPWWKgUbMQWhUo1EF5w4wd6r9wf_2TiM:1qkFyZ:XZhlYpWOCAS7uR0HQAOxAHrRy7vmyeh7z4rBQKG0XcY	2023-10-07 22:40:07.86314-05
\.


--
-- Data for Name: scraping_news; Type: TABLE DATA; Schema: public; Owner: test
--

COPY public.scraping_news (id, title, link, source) FROM stdin;
1	Observation of zero resistance above 100 K in PbCu(PO)O	https://arxiv.org/abs/2308.01192	HackerNews RSS
2	200k Compromised OpenAI Credentials Available for Purchase on the Dark Web	https://www.cpomagazine.com/cyber-security/over-200000-compromised-openai-credentials-available-for-purchase-on-the-dark-web/	HackerNews RSS
3	A non-mathematical introduction to Kalman filters for programmers	https://praveshkoirala.com/2023/06/13/a-non-mathematical-introduction-to-kalman-filters-for-programmers/	HackerNews RSS
4	The underground world of credit card network exploitation	https://chargebackstop.com/blog/card-networks-exploitation/	HackerNews RSS
5	The infamous coin toss	https://ergodicityeconomics.com/2023/07/28/the-infamous-coin-toss/	HackerNews RSS
6	High Dynamic Time Range Images (2006)	http://mkweb.bcgsc.ca/fun/hdtr/	HackerNews RSS
7	Launch HN: Certainly Health (YC S23)  Book doctors without surprise bills	https://news.ycombinator.com/item?id=36970135	HackerNews RSS
8	The Shader Permutation Problem  Part 1: How Did We Get Here?	https://therealmjp.github.io/posts/shader-permutations-part1/	HackerNews RSS
9	Metas Reality Labs prototype hardware	https://www.meta.com/en-gb/blog/quest/reality-labs-research-display-systems-siggraph-2023-butterscotch-varifocal-flamera/	HackerNews RSS
10	LK-99: Team of Southeast University observed zero resistance below 110 K	https://twitter.com/lipez400/status/1686793608626663441	HackerNews RSS
11	Transcript of taped conversations among German nuclear physicists (1945)	https://ghdi.ghi-dc.org/sub_document.cfm?document_id=2320	HackerNews RSS
12	Reflex  Web apps in pure Python	https://github.com/reflex-dev/reflex	HackerNews RSS
13	EXP TV  endless stream of obscure media and video ephemera	https://exptv.org/	HackerNews RSS
14	How pencils are made in a Japanese factory [video]	https://www.youtube.com/watch?v=Lk_57TP6RFk	HackerNews RSS
15	FCC allows blocking traffic from robocall-friendly provider One Owl	https://docs.fcc.gov/public/attachments/DA-23-652A1.txt	HackerNews RSS
16	Life at the Margin: How I got $25,000 in debt	https://www.natecation.com/life-at-the-margin-credit-card-debt/	HackerNews RSS
17	If Web Components are so great, why am I not using them?	https://daverupert.com/2023/07/why-not-webcomponents/	HackerNews RSS
18	Pixel Pump, the Open Source Vacuum Pickup Tool Is Now Shipping	https://hackaday.com/2023/08/01/pixel-pump-the-open-source-vacuum-pickup-tool-is-now-shipping/	HackerNews RSS
19	Open-sourcing AudioCraft: Generative AI for audio	https://ai.meta.com/blog/audiocraft-musicgen-audiogen-encodec-generative-ai-audio/	HackerNews RSS
20	Fitch Downgrades US Debt	https://www.bbc.com/news/business-66379366	HackerNews RSS
21	Coming Soon: Fedora for Apple Silicon Macs	https://fedoramagazine.org/coming-soon-fedora-for-apple-silicon-macs/	HackerNews RSS
22	Infinite Mac: Disks, CD-ROMs and custom instances	https://blog.persistent.info/2023/08/infinite-mac-cd-roms.html	HackerNews RSS
23	New targeted chemotherapy able to kill all solid tumors in preclinical research	https://www.eurekalert.org/news-releases/997141	HackerNews RSS
24	Companies with good ESG scores pollute as much as low-rated rivals	https://www.ft.com/content/b9582d62-cc6f-4b76-b0f9-5b37cf15dce4	HackerNews RSS
25	The Evolution of Senescence (2022)	https://kevinbinz.com/2022/06/12/the-evolution-of-senescence/	HackerNews RSS
26	Oxocards: Interactive programmable minicomputers	https://oxocard.ch/en/	HackerNews RSS
27	Two intermediate polars investigated by astronomers	https://phys.org/news/2023-08-intermediate-polars-astronomers.html	HackerNews RSS
28	Microsoft comes under blistering criticism for grossly irresponsible security	https://arstechnica.com/security/2023/08/microsoft-cloud-security-blasted-for-its-culture-of-toxic-obfuscation/	HackerNews RSS
29	Kickstarting a book to end enshittification, because Amazon will not carry it	https://pluralistic.net/2023/07/31/seize-the-means-of-computation/#the-internet-con	HackerNews RSS
30	On the (nearly lethal) comforts of a luxury cruise (1996) [pdf]	https://harpers.org/wp-content/uploads/2008/09/HarpersMagazine-1996-01-0007859.pdf	HackerNews RSS
371	IBM and NASA Open Source Largest Geospatial AI Foundation Model on Hugging Face	https://newsroom.ibm.com/2023-08-03-IBM-and-NASA-Open-Source-Largest-Geospatial-AI-Foundation-Model-on-Hugging-Face	HackerNews RSS
85	With merge of this pull request, Brave Browser disables WebEnvironmentIntegrity	https://github.com/brave/brave-core/pull/19476	HackerNews RSS
457	Netscape Meteors	https://erynwells.me/blog/2023/08/netscape-meteors/	HackerNews RSS
523	Pegasus Mail	https://www.pmail.com/	HackerNews RSS
526	Hackers manage to unlock Tesla software-locked features	https://electrek.co/2023/08/03/hackers-manage-unlock-tesla-software-locked-features/	HackerNews RSS
181	Google AMP  The Newest of Evasive Phishing Tactic	https://cofense.com/blog/google-amp-the-newest-of-evasive-phishing-tactic/	HackerNews RSS
300	Man Spends Entire Career Mastering Crappy Codebase	https://taylor.town/entire-career	HackerNews RSS
472	Elixir for Cynical Curmudgeons	https://wiki.alopex.li/ElixirForCynicalCurmudgeons	HackerNews RSS
\.


--
-- Data for Name: taggit_tag; Type: TABLE DATA; Schema: public; Owner: test
--

COPY public.taggit_tag (id, name, slug) FROM stdin;
1	food	food
2	oranges	oranges
3	cats	cats
4	9	9
5	asdf	asdf
6	safdsdf	safdsdf
7	fish	fish
8	blue	blue
9	quilt	quilt
10	post	post
11	another	another
12	https://www.amazon.com/	httpswwwamazoncom
13	https://lladybird.com/	httpslladybirdcom
14	second tag	second-tag
15	second	second
16	newform	newform
17	hlhkhkjh	hlhkhkjh
18	hjlgjhkljhl	hjlgjhkljhl
19	afsd	afsd
20	asf	asf
21	asfd	asfd
\.


--
-- Data for Name: taggit_taggeditem; Type: TABLE DATA; Schema: public; Owner: test
--

COPY public.taggit_taggeditem (id, object_id, content_type_id, tag_id) FROM stdin;
1	1	28	1
2	2	28	1
3	3	28	1
4	10	8	2
5	10	8	3
6	15	9	4
7	16	9	5
8	16	9	6
9	17	9	8
10	17	9	9
11	17	9	7
12	18	9	10
13	18	9	11
14	8	28	12
15	9	28	12
16	10	28	13
17	11	28	14
18	11	28	15
19	12	28	16
20	19	9	17
21	19	9	18
22	20	9	19
23	20	9	20
24	20	9	21
25	21	9	5
\.


--
-- Data for Name: users_profile; Type: TABLE DATA; Schema: public; Owner: test
--

COPY public.users_profile (id, about_me, banner, user_id, avatar, interests, timezone) FROM stdin;
1			1	\N		UTC
2			3	\N		UTC
3			4	\N		UTC
4			5	\N		UTC
5			7	\N		UTC
7			9	\N		UTC
8			10	\N		UTC
6	I like cats	banners/C0D78E0B-BA05-48DA-B414-C3435F6FCADA.jpeg	8	avatars/C1D0BABC-2D84-41DE-A717-CC08E8D07E86.jpeg	cats and bonsai trees	Africa/Algiers
9			11			UTC
\.


--
-- Data for Name: users_user; Type: TABLE DATA; Schema: public; Owner: test
--

COPY public.users_user (id, password, last_login, is_superuser, username, email, is_staff, is_active) FROM stdin;
4	pbkdf2_sha256$390000$hiIxEiKm03QQcQNrgK6pa9$FW+cp9qeWIq6TVT2Tj6w1n8pEbR6f8AUHcxb6i3PA2M=	\N	f	amanda2	fake@fake.com	f	t
5	pbkdf2_sha256$390000$eGMr0rPilpT9L9CjzbwGKT$fFnvGw4aDsSn1hm3upN0Ggg8oFYsdwzEkCB7Dtdp8Q8=	2023-06-16 16:52:23.578059-05	f	amanda3	test1234@test.com	f	t
3	pbkdf2_sha256$390000$9GgTBbGfcpdYWVapOIPBWS$INkezKm6dPRJVv63SfYH2xtEW4mzdtmXjR817AoEuAo=	2023-06-20 18:39:46.418059-05	t	amanda1	muehl038@umn.edu	t	t
7	pbkdf2_sha256$390000$9PYHJTsbB8oVItAszT29ve$CFfKJLvs5Vw8WpJ1VDBTF/BROEjFw3pC0S2qyjknoQA=	2023-06-27 18:15:15.14017-05	t	amanda10	test1@test.com	t	t
1	pbkdf2_sha256$390000$yCmV3bfcHYPwcwTNv62evO$Y3joye6Q1ukE8Q+H/Dp6MahfJc48j7Gx/X9cs8CnSC0=	2023-07-18 16:11:08.977382-05	t	amanda	amuehlbauer038@gmail.com	t	t
9	pbkdf2_sha256$390000$xKLiZLStaLaqDYw06QG32w$bM3ahV8anVgAVcQLyth7xgNoUlXVqeSzZiFWMtuJKZ4=	2023-08-26 14:17:37.063622-05	f	burtthecat	cat@cat.com	f	t
10	pbkdf2_sha256$390000$ITkH2PlZMWXAtwK7BeSWEZ$b6I6Kw7+fv7mH2B9YOHwJ7Zp/lVFUkncHwgOKCUZN44=	2023-09-11 18:38:57.257832-05	f	abracadabra	abracadabra@gmail.com	f	t
11	pbkdf2_sha256$390000$lETlc0zvfhvmmn1eqdk1zQ$qpi0L4Qo4rxiH8v2sOSCH5YATwBiVgsYZBFdbf8fDXQ=	2023-09-19 11:16:17.361417-05	f	newuser	fakeuser@gmail.com	f	t
8	pbkdf2_sha256$390000$xnHaUxdiHmJaTkLXS2mG3E$5TvQ5JQ+0vXqJ7AcdqwO4bOFevf1nd7CtNDhWkLoG7s=	2023-09-23 22:40:07.857551-05	t	amandamuehlbauer	tester@gmail.com	t	t
\.


--
-- Data for Name: users_user_groups; Type: TABLE DATA; Schema: public; Owner: test
--

COPY public.users_user_groups (id, user_id, group_id) FROM stdin;
\.


--
-- Data for Name: users_user_user_permissions; Type: TABLE DATA; Schema: public; Owner: test
--

COPY public.users_user_user_permissions (id, user_id, permission_id) FROM stdin;
\.


--
-- Name: ContactUs_contact_id_seq; Type: SEQUENCE SET; Schema: public; Owner: test
--

SELECT pg_catalog.setval('public."ContactUs_contact_id_seq"', 7, true);


--
-- Name: Search_searchhistory_id_seq; Type: SEQUENCE SET; Schema: public; Owner: test
--

SELECT pg_catalog.setval('public."Search_searchhistory_id_seq"', 29, true);


--
-- Name: URLsub_urlsub_id_seq; Type: SEQUENCE SET; Schema: public; Owner: test
--

SELECT pg_catalog.setval('public."URLsub_urlsub_id_seq"', 12, true);


--
-- Name: auth_group_id_seq; Type: SEQUENCE SET; Schema: public; Owner: test
--

SELECT pg_catalog.setval('public.auth_group_id_seq', 1, false);


--
-- Name: auth_group_permissions_id_seq; Type: SEQUENCE SET; Schema: public; Owner: test
--

SELECT pg_catalog.setval('public.auth_group_permissions_id_seq', 1, false);


--
-- Name: auth_permission_id_seq; Type: SEQUENCE SET; Schema: public; Owner: test
--

SELECT pg_catalog.setval('public.auth_permission_id_seq', 124, true);


--
-- Name: core_blogfullrecommend_id_seq; Type: SEQUENCE SET; Schema: public; Owner: test
--

SELECT pg_catalog.setval('public.core_blogfullrecommend_id_seq', 5, true);


--
-- Name: core_blogfullrecommend_tags_id_seq; Type: SEQUENCE SET; Schema: public; Owner: test
--

SELECT pg_catalog.setval('public.core_blogfullrecommend_tags_id_seq', 11, true);


--
-- Name: core_comment_id_seq; Type: SEQUENCE SET; Schema: public; Owner: test
--

SELECT pg_catalog.setval('public.core_comment_id_seq', 43, true);


--
-- Name: core_like_id_seq; Type: SEQUENCE SET; Schema: public; Owner: test
--

SELECT pg_catalog.setval('public.core_like_id_seq', 1, false);


--
-- Name: core_post_id_seq; Type: SEQUENCE SET; Schema: public; Owner: test
--

SELECT pg_catalog.setval('public.core_post_id_seq', 21, true);


--
-- Name: core_post_tags_id_seq; Type: SEQUENCE SET; Schema: public; Owner: test
--

SELECT pg_catalog.setval('public.core_post_tags_id_seq', 1, true);


--
-- Name: core_tag_id_seq; Type: SEQUENCE SET; Schema: public; Owner: test
--

SELECT pg_catalog.setval('public.core_tag_id_seq', 10, true);


--
-- Name: core_urlsub_id_seq; Type: SEQUENCE SET; Schema: public; Owner: test
--

SELECT pg_catalog.setval('public.core_urlsub_id_seq', 1, false);


--
-- Name: core_urlsub_tags_id_seq; Type: SEQUENCE SET; Schema: public; Owner: test
--

SELECT pg_catalog.setval('public.core_urlsub_tags_id_seq', 1, false);


--
-- Name: django_admin_log_id_seq; Type: SEQUENCE SET; Schema: public; Owner: test
--

SELECT pg_catalog.setval('public.django_admin_log_id_seq', 35, true);


--
-- Name: django_celery_beat_clockedschedule_id_seq; Type: SEQUENCE SET; Schema: public; Owner: test
--

SELECT pg_catalog.setval('public.django_celery_beat_clockedschedule_id_seq', 1, false);


--
-- Name: django_celery_beat_crontabschedule_id_seq; Type: SEQUENCE SET; Schema: public; Owner: test
--

SELECT pg_catalog.setval('public.django_celery_beat_crontabschedule_id_seq', 2, true);


--
-- Name: django_celery_beat_intervalschedule_id_seq; Type: SEQUENCE SET; Schema: public; Owner: test
--

SELECT pg_catalog.setval('public.django_celery_beat_intervalschedule_id_seq', 1, false);


--
-- Name: django_celery_beat_periodictask_id_seq; Type: SEQUENCE SET; Schema: public; Owner: test
--

SELECT pg_catalog.setval('public.django_celery_beat_periodictask_id_seq', 2, true);


--
-- Name: django_celery_beat_solarschedule_id_seq; Type: SEQUENCE SET; Schema: public; Owner: test
--

SELECT pg_catalog.setval('public.django_celery_beat_solarschedule_id_seq', 1, false);


--
-- Name: django_celery_results_chordcounter_id_seq; Type: SEQUENCE SET; Schema: public; Owner: test
--

SELECT pg_catalog.setval('public.django_celery_results_chordcounter_id_seq', 1, false);


--
-- Name: django_celery_results_groupresult_id_seq; Type: SEQUENCE SET; Schema: public; Owner: test
--

SELECT pg_catalog.setval('public.django_celery_results_groupresult_id_seq', 1, false);


--
-- Name: django_celery_results_taskresult_id_seq; Type: SEQUENCE SET; Schema: public; Owner: test
--

SELECT pg_catalog.setval('public.django_celery_results_taskresult_id_seq', 619, true);


--
-- Name: django_content_type_id_seq; Type: SEQUENCE SET; Schema: public; Owner: test
--

SELECT pg_catalog.setval('public.django_content_type_id_seq', 31, true);


--
-- Name: django_migrations_id_seq; Type: SEQUENCE SET; Schema: public; Owner: test
--

SELECT pg_catalog.setval('public.django_migrations_id_seq', 113, true);


--
-- Name: scraping_news_id_seq; Type: SEQUENCE SET; Schema: public; Owner: test
--

SELECT pg_catalog.setval('public.scraping_news_id_seq', 642, true);


--
-- Name: taggit_tag_id_seq; Type: SEQUENCE SET; Schema: public; Owner: test
--

SELECT pg_catalog.setval('public.taggit_tag_id_seq', 21, true);


--
-- Name: taggit_taggeditem_id_seq; Type: SEQUENCE SET; Schema: public; Owner: test
--

SELECT pg_catalog.setval('public.taggit_taggeditem_id_seq', 25, true);


--
-- Name: users_profile_id_seq; Type: SEQUENCE SET; Schema: public; Owner: test
--

SELECT pg_catalog.setval('public.users_profile_id_seq', 9, true);


--
-- Name: users_user_groups_id_seq; Type: SEQUENCE SET; Schema: public; Owner: test
--

SELECT pg_catalog.setval('public.users_user_groups_id_seq', 1, false);


--
-- Name: users_user_id_seq; Type: SEQUENCE SET; Schema: public; Owner: test
--

SELECT pg_catalog.setval('public.users_user_id_seq', 11, true);


--
-- Name: users_user_user_permissions_id_seq; Type: SEQUENCE SET; Schema: public; Owner: test
--

SELECT pg_catalog.setval('public.users_user_user_permissions_id_seq', 1, false);


--
-- Name: ContactUs_contact ContactUs_contact_pkey; Type: CONSTRAINT; Schema: public; Owner: test
--

ALTER TABLE ONLY public."ContactUs_contact"
    ADD CONSTRAINT "ContactUs_contact_pkey" PRIMARY KEY (id);


--
-- Name: Search_searchhistory Search_searchhistory_pkey; Type: CONSTRAINT; Schema: public; Owner: test
--

ALTER TABLE ONLY public."Search_searchhistory"
    ADD CONSTRAINT "Search_searchhistory_pkey" PRIMARY KEY (id);


--
-- Name: URLsub_urlsub URLsub_urlsub_pkey; Type: CONSTRAINT; Schema: public; Owner: test
--

ALTER TABLE ONLY public."URLsub_urlsub"
    ADD CONSTRAINT "URLsub_urlsub_pkey" PRIMARY KEY (id);


--
-- Name: auth_group auth_group_name_key; Type: CONSTRAINT; Schema: public; Owner: test
--

ALTER TABLE ONLY public.auth_group
    ADD CONSTRAINT auth_group_name_key UNIQUE (name);


--
-- Name: auth_group_permissions auth_group_permissions_group_id_permission_id_0cd325b0_uniq; Type: CONSTRAINT; Schema: public; Owner: test
--

ALTER TABLE ONLY public.auth_group_permissions
    ADD CONSTRAINT auth_group_permissions_group_id_permission_id_0cd325b0_uniq UNIQUE (group_id, permission_id);


--
-- Name: auth_group_permissions auth_group_permissions_pkey; Type: CONSTRAINT; Schema: public; Owner: test
--

ALTER TABLE ONLY public.auth_group_permissions
    ADD CONSTRAINT auth_group_permissions_pkey PRIMARY KEY (id);


--
-- Name: auth_group auth_group_pkey; Type: CONSTRAINT; Schema: public; Owner: test
--

ALTER TABLE ONLY public.auth_group
    ADD CONSTRAINT auth_group_pkey PRIMARY KEY (id);


--
-- Name: auth_permission auth_permission_content_type_id_codename_01ab375a_uniq; Type: CONSTRAINT; Schema: public; Owner: test
--

ALTER TABLE ONLY public.auth_permission
    ADD CONSTRAINT auth_permission_content_type_id_codename_01ab375a_uniq UNIQUE (content_type_id, codename);


--
-- Name: auth_permission auth_permission_pkey; Type: CONSTRAINT; Schema: public; Owner: test
--

ALTER TABLE ONLY public.auth_permission
    ADD CONSTRAINT auth_permission_pkey PRIMARY KEY (id);


--
-- Name: core_blogfullrecommend core_blogfullrecommend_pkey; Type: CONSTRAINT; Schema: public; Owner: test
--

ALTER TABLE ONLY public.core_blogfullrecommend
    ADD CONSTRAINT core_blogfullrecommend_pkey PRIMARY KEY (id);


--
-- Name: core_blogfullrecommend_tags core_blogfullrecommend_t_blogfullrecommend_id_tag_c13cb430_uniq; Type: CONSTRAINT; Schema: public; Owner: test
--

ALTER TABLE ONLY public.core_blogfullrecommend_tags
    ADD CONSTRAINT core_blogfullrecommend_t_blogfullrecommend_id_tag_c13cb430_uniq UNIQUE (blogfullrecommend_id, tag_id);


--
-- Name: core_blogfullrecommend_tags core_blogfullrecommend_tags_pkey; Type: CONSTRAINT; Schema: public; Owner: test
--

ALTER TABLE ONLY public.core_blogfullrecommend_tags
    ADD CONSTRAINT core_blogfullrecommend_tags_pkey PRIMARY KEY (id);


--
-- Name: core_comment core_comment_pkey; Type: CONSTRAINT; Schema: public; Owner: test
--

ALTER TABLE ONLY public.core_comment
    ADD CONSTRAINT core_comment_pkey PRIMARY KEY (id);


--
-- Name: core_like core_like_pkey; Type: CONSTRAINT; Schema: public; Owner: test
--

ALTER TABLE ONLY public.core_like
    ADD CONSTRAINT core_like_pkey PRIMARY KEY (id);


--
-- Name: core_post core_post_pkey; Type: CONSTRAINT; Schema: public; Owner: test
--

ALTER TABLE ONLY public.core_post
    ADD CONSTRAINT core_post_pkey PRIMARY KEY (id);


--
-- Name: core_post_tags core_post_tags_pkey; Type: CONSTRAINT; Schema: public; Owner: test
--

ALTER TABLE ONLY public.core_post_tags
    ADD CONSTRAINT core_post_tags_pkey PRIMARY KEY (id);


--
-- Name: core_post_tags core_post_tags_post_id_tag_id_8e248081_uniq; Type: CONSTRAINT; Schema: public; Owner: test
--

ALTER TABLE ONLY public.core_post_tags
    ADD CONSTRAINT core_post_tags_post_id_tag_id_8e248081_uniq UNIQUE (post_id, tag_id);


--
-- Name: core_tag core_tag_pkey; Type: CONSTRAINT; Schema: public; Owner: test
--

ALTER TABLE ONLY public.core_tag
    ADD CONSTRAINT core_tag_pkey PRIMARY KEY (id);


--
-- Name: core_urlsub core_urlsub_pkey; Type: CONSTRAINT; Schema: public; Owner: test
--

ALTER TABLE ONLY public.core_urlsub
    ADD CONSTRAINT core_urlsub_pkey PRIMARY KEY (id);


--
-- Name: core_urlsub_tags core_urlsub_tags_pkey; Type: CONSTRAINT; Schema: public; Owner: test
--

ALTER TABLE ONLY public.core_urlsub_tags
    ADD CONSTRAINT core_urlsub_tags_pkey PRIMARY KEY (id);


--
-- Name: core_urlsub_tags core_urlsub_tags_urlsub_id_tag_id_db98c764_uniq; Type: CONSTRAINT; Schema: public; Owner: test
--

ALTER TABLE ONLY public.core_urlsub_tags
    ADD CONSTRAINT core_urlsub_tags_urlsub_id_tag_id_db98c764_uniq UNIQUE (urlsub_id, tag_id);


--
-- Name: django_admin_log django_admin_log_pkey; Type: CONSTRAINT; Schema: public; Owner: test
--

ALTER TABLE ONLY public.django_admin_log
    ADD CONSTRAINT django_admin_log_pkey PRIMARY KEY (id);


--
-- Name: django_celery_beat_clockedschedule django_celery_beat_clockedschedule_pkey; Type: CONSTRAINT; Schema: public; Owner: test
--

ALTER TABLE ONLY public.django_celery_beat_clockedschedule
    ADD CONSTRAINT django_celery_beat_clockedschedule_pkey PRIMARY KEY (id);


--
-- Name: django_celery_beat_crontabschedule django_celery_beat_crontabschedule_pkey; Type: CONSTRAINT; Schema: public; Owner: test
--

ALTER TABLE ONLY public.django_celery_beat_crontabschedule
    ADD CONSTRAINT django_celery_beat_crontabschedule_pkey PRIMARY KEY (id);


--
-- Name: django_celery_beat_intervalschedule django_celery_beat_intervalschedule_pkey; Type: CONSTRAINT; Schema: public; Owner: test
--

ALTER TABLE ONLY public.django_celery_beat_intervalschedule
    ADD CONSTRAINT django_celery_beat_intervalschedule_pkey PRIMARY KEY (id);


--
-- Name: django_celery_beat_periodictask django_celery_beat_periodictask_name_key; Type: CONSTRAINT; Schema: public; Owner: test
--

ALTER TABLE ONLY public.django_celery_beat_periodictask
    ADD CONSTRAINT django_celery_beat_periodictask_name_key UNIQUE (name);


--
-- Name: django_celery_beat_periodictask django_celery_beat_periodictask_pkey; Type: CONSTRAINT; Schema: public; Owner: test
--

ALTER TABLE ONLY public.django_celery_beat_periodictask
    ADD CONSTRAINT django_celery_beat_periodictask_pkey PRIMARY KEY (id);


--
-- Name: django_celery_beat_periodictasks django_celery_beat_periodictasks_pkey; Type: CONSTRAINT; Schema: public; Owner: test
--

ALTER TABLE ONLY public.django_celery_beat_periodictasks
    ADD CONSTRAINT django_celery_beat_periodictasks_pkey PRIMARY KEY (ident);


--
-- Name: django_celery_beat_solarschedule django_celery_beat_solar_event_latitude_longitude_ba64999a_uniq; Type: CONSTRAINT; Schema: public; Owner: test
--

ALTER TABLE ONLY public.django_celery_beat_solarschedule
    ADD CONSTRAINT django_celery_beat_solar_event_latitude_longitude_ba64999a_uniq UNIQUE (event, latitude, longitude);


--
-- Name: django_celery_beat_solarschedule django_celery_beat_solarschedule_pkey; Type: CONSTRAINT; Schema: public; Owner: test
--

ALTER TABLE ONLY public.django_celery_beat_solarschedule
    ADD CONSTRAINT django_celery_beat_solarschedule_pkey PRIMARY KEY (id);


--
-- Name: django_celery_results_chordcounter django_celery_results_chordcounter_group_id_key; Type: CONSTRAINT; Schema: public; Owner: test
--

ALTER TABLE ONLY public.django_celery_results_chordcounter
    ADD CONSTRAINT django_celery_results_chordcounter_group_id_key UNIQUE (group_id);


--
-- Name: django_celery_results_chordcounter django_celery_results_chordcounter_pkey; Type: CONSTRAINT; Schema: public; Owner: test
--

ALTER TABLE ONLY public.django_celery_results_chordcounter
    ADD CONSTRAINT django_celery_results_chordcounter_pkey PRIMARY KEY (id);


--
-- Name: django_celery_results_groupresult django_celery_results_groupresult_group_id_key; Type: CONSTRAINT; Schema: public; Owner: test
--

ALTER TABLE ONLY public.django_celery_results_groupresult
    ADD CONSTRAINT django_celery_results_groupresult_group_id_key UNIQUE (group_id);


--
-- Name: django_celery_results_groupresult django_celery_results_groupresult_pkey; Type: CONSTRAINT; Schema: public; Owner: test
--

ALTER TABLE ONLY public.django_celery_results_groupresult
    ADD CONSTRAINT django_celery_results_groupresult_pkey PRIMARY KEY (id);


--
-- Name: django_celery_results_taskresult django_celery_results_taskresult_pkey; Type: CONSTRAINT; Schema: public; Owner: test
--

ALTER TABLE ONLY public.django_celery_results_taskresult
    ADD CONSTRAINT django_celery_results_taskresult_pkey PRIMARY KEY (id);


--
-- Name: django_celery_results_taskresult django_celery_results_taskresult_task_id_key; Type: CONSTRAINT; Schema: public; Owner: test
--

ALTER TABLE ONLY public.django_celery_results_taskresult
    ADD CONSTRAINT django_celery_results_taskresult_task_id_key UNIQUE (task_id);


--
-- Name: django_content_type django_content_type_app_label_model_76bd3d3b_uniq; Type: CONSTRAINT; Schema: public; Owner: test
--

ALTER TABLE ONLY public.django_content_type
    ADD CONSTRAINT django_content_type_app_label_model_76bd3d3b_uniq UNIQUE (app_label, model);


--
-- Name: django_content_type django_content_type_pkey; Type: CONSTRAINT; Schema: public; Owner: test
--

ALTER TABLE ONLY public.django_content_type
    ADD CONSTRAINT django_content_type_pkey PRIMARY KEY (id);


--
-- Name: django_migrations django_migrations_pkey; Type: CONSTRAINT; Schema: public; Owner: test
--

ALTER TABLE ONLY public.django_migrations
    ADD CONSTRAINT django_migrations_pkey PRIMARY KEY (id);


--
-- Name: django_session django_session_pkey; Type: CONSTRAINT; Schema: public; Owner: test
--

ALTER TABLE ONLY public.django_session
    ADD CONSTRAINT django_session_pkey PRIMARY KEY (session_key);


--
-- Name: scraping_news scraping_news_link_key; Type: CONSTRAINT; Schema: public; Owner: test
--

ALTER TABLE ONLY public.scraping_news
    ADD CONSTRAINT scraping_news_link_key UNIQUE (link);


--
-- Name: scraping_news scraping_news_pkey; Type: CONSTRAINT; Schema: public; Owner: test
--

ALTER TABLE ONLY public.scraping_news
    ADD CONSTRAINT scraping_news_pkey PRIMARY KEY (id);


--
-- Name: taggit_tag taggit_tag_name_key; Type: CONSTRAINT; Schema: public; Owner: test
--

ALTER TABLE ONLY public.taggit_tag
    ADD CONSTRAINT taggit_tag_name_key UNIQUE (name);


--
-- Name: taggit_tag taggit_tag_pkey; Type: CONSTRAINT; Schema: public; Owner: test
--

ALTER TABLE ONLY public.taggit_tag
    ADD CONSTRAINT taggit_tag_pkey PRIMARY KEY (id);


--
-- Name: taggit_tag taggit_tag_slug_key; Type: CONSTRAINT; Schema: public; Owner: test
--

ALTER TABLE ONLY public.taggit_tag
    ADD CONSTRAINT taggit_tag_slug_key UNIQUE (slug);


--
-- Name: taggit_taggeditem taggit_taggeditem_content_type_id_object_i_4bb97a8e_uniq; Type: CONSTRAINT; Schema: public; Owner: test
--

ALTER TABLE ONLY public.taggit_taggeditem
    ADD CONSTRAINT taggit_taggeditem_content_type_id_object_i_4bb97a8e_uniq UNIQUE (content_type_id, object_id, tag_id);


--
-- Name: taggit_taggeditem taggit_taggeditem_pkey; Type: CONSTRAINT; Schema: public; Owner: test
--

ALTER TABLE ONLY public.taggit_taggeditem
    ADD CONSTRAINT taggit_taggeditem_pkey PRIMARY KEY (id);


--
-- Name: users_profile users_profile_pkey; Type: CONSTRAINT; Schema: public; Owner: test
--

ALTER TABLE ONLY public.users_profile
    ADD CONSTRAINT users_profile_pkey PRIMARY KEY (id);


--
-- Name: users_profile users_profile_user_id_key; Type: CONSTRAINT; Schema: public; Owner: test
--

ALTER TABLE ONLY public.users_profile
    ADD CONSTRAINT users_profile_user_id_key UNIQUE (user_id);


--
-- Name: users_user users_user_email_243f6e77_uniq; Type: CONSTRAINT; Schema: public; Owner: test
--

ALTER TABLE ONLY public.users_user
    ADD CONSTRAINT users_user_email_243f6e77_uniq UNIQUE (email);


--
-- Name: users_user_groups users_user_groups_pkey; Type: CONSTRAINT; Schema: public; Owner: test
--

ALTER TABLE ONLY public.users_user_groups
    ADD CONSTRAINT users_user_groups_pkey PRIMARY KEY (id);


--
-- Name: users_user_groups users_user_groups_user_id_group_id_b88eab82_uniq; Type: CONSTRAINT; Schema: public; Owner: test
--

ALTER TABLE ONLY public.users_user_groups
    ADD CONSTRAINT users_user_groups_user_id_group_id_b88eab82_uniq UNIQUE (user_id, group_id);


--
-- Name: users_user users_user_pkey; Type: CONSTRAINT; Schema: public; Owner: test
--

ALTER TABLE ONLY public.users_user
    ADD CONSTRAINT users_user_pkey PRIMARY KEY (id);


--
-- Name: users_user_user_permissions users_user_user_permissions_pkey; Type: CONSTRAINT; Schema: public; Owner: test
--

ALTER TABLE ONLY public.users_user_user_permissions
    ADD CONSTRAINT users_user_user_permissions_pkey PRIMARY KEY (id);


--
-- Name: users_user_user_permissions users_user_user_permissions_user_id_permission_id_43338c45_uniq; Type: CONSTRAINT; Schema: public; Owner: test
--

ALTER TABLE ONLY public.users_user_user_permissions
    ADD CONSTRAINT users_user_user_permissions_user_id_permission_id_43338c45_uniq UNIQUE (user_id, permission_id);


--
-- Name: users_user users_user_username_key; Type: CONSTRAINT; Schema: public; Owner: test
--

ALTER TABLE ONLY public.users_user
    ADD CONSTRAINT users_user_username_key UNIQUE (username);


--
-- Name: Search_searchhistory_user_id_26ad5c9b; Type: INDEX; Schema: public; Owner: test
--

CREATE INDEX "Search_searchhistory_user_id_26ad5c9b" ON public."Search_searchhistory" USING btree (user_id);


--
-- Name: URLsub_urlsub_username_id_d161186a; Type: INDEX; Schema: public; Owner: test
--

CREATE INDEX "URLsub_urlsub_username_id_d161186a" ON public."URLsub_urlsub" USING btree (username_id);


--
-- Name: auth_group_name_a6ea08ec_like; Type: INDEX; Schema: public; Owner: test
--

CREATE INDEX auth_group_name_a6ea08ec_like ON public.auth_group USING btree (name varchar_pattern_ops);


--
-- Name: auth_group_permissions_group_id_b120cbf9; Type: INDEX; Schema: public; Owner: test
--

CREATE INDEX auth_group_permissions_group_id_b120cbf9 ON public.auth_group_permissions USING btree (group_id);


--
-- Name: auth_group_permissions_permission_id_84c5c92e; Type: INDEX; Schema: public; Owner: test
--

CREATE INDEX auth_group_permissions_permission_id_84c5c92e ON public.auth_group_permissions USING btree (permission_id);


--
-- Name: auth_permission_content_type_id_2f476e4b; Type: INDEX; Schema: public; Owner: test
--

CREATE INDEX auth_permission_content_type_id_2f476e4b ON public.auth_permission USING btree (content_type_id);


--
-- Name: core_blogfullrecommend_author_0acff9f3; Type: INDEX; Schema: public; Owner: test
--

CREATE INDEX core_blogfullrecommend_author_0acff9f3 ON public.core_blogfullrecommend USING btree (author);


--
-- Name: core_blogfullrecommend_author_0acff9f3_like; Type: INDEX; Schema: public; Owner: test
--

CREATE INDEX core_blogfullrecommend_author_0acff9f3_like ON public.core_blogfullrecommend USING btree (author varchar_pattern_ops);


--
-- Name: core_blogfullrecommend_tags_blogfullrecommend_id_9fe3b5d0; Type: INDEX; Schema: public; Owner: test
--

CREATE INDEX core_blogfullrecommend_tags_blogfullrecommend_id_9fe3b5d0 ON public.core_blogfullrecommend_tags USING btree (blogfullrecommend_id);


--
-- Name: core_blogfullrecommend_tags_tag_id_a1520fd5; Type: INDEX; Schema: public; Owner: test
--

CREATE INDEX core_blogfullrecommend_tags_tag_id_a1520fd5 ON public.core_blogfullrecommend_tags USING btree (tag_id);


--
-- Name: core_blogfullrecommend_title_4cac7d37; Type: INDEX; Schema: public; Owner: test
--

CREATE INDEX core_blogfullrecommend_title_4cac7d37 ON public.core_blogfullrecommend USING btree (title);


--
-- Name: core_blogfullrecommend_title_4cac7d37_like; Type: INDEX; Schema: public; Owner: test
--

CREATE INDEX core_blogfullrecommend_title_4cac7d37_like ON public.core_blogfullrecommend USING btree (title varchar_pattern_ops);


--
-- Name: core_blogfullrecommend_url_4005f792; Type: INDEX; Schema: public; Owner: test
--

CREATE INDEX core_blogfullrecommend_url_4005f792 ON public.core_blogfullrecommend USING btree (url);


--
-- Name: core_blogfullrecommend_url_4005f792_like; Type: INDEX; Schema: public; Owner: test
--

CREATE INDEX core_blogfullrecommend_url_4005f792_like ON public.core_blogfullrecommend USING btree (url varchar_pattern_ops);


--
-- Name: core_comment_post_id_a75a789c; Type: INDEX; Schema: public; Owner: test
--

CREATE INDEX core_comment_post_id_a75a789c ON public.core_comment USING btree (post_id);


--
-- Name: core_comment_username_id_78da5c9f; Type: INDEX; Schema: public; Owner: test
--

CREATE INDEX core_comment_username_id_78da5c9f ON public.core_comment USING btree (author_id);


--
-- Name: core_like_post_id_83b37050; Type: INDEX; Schema: public; Owner: test
--

CREATE INDEX core_like_post_id_83b37050 ON public.core_like USING btree (post_id);


--
-- Name: core_post_author_id_083b751e; Type: INDEX; Schema: public; Owner: test
--

CREATE INDEX core_post_author_id_083b751e ON public.core_post USING btree (author_id);


--
-- Name: core_post_slug_fd763e8f; Type: INDEX; Schema: public; Owner: test
--

CREATE INDEX core_post_slug_fd763e8f ON public.core_post USING btree (slug);


--
-- Name: core_post_slug_fd763e8f_like; Type: INDEX; Schema: public; Owner: test
--

CREATE INDEX core_post_slug_fd763e8f_like ON public.core_post USING btree (slug varchar_pattern_ops);


--
-- Name: core_post_tags_post_id_082a0a4e; Type: INDEX; Schema: public; Owner: test
--

CREATE INDEX core_post_tags_post_id_082a0a4e ON public.core_post_tags USING btree (post_id);


--
-- Name: core_post_tags_tag_id_1a619a6d; Type: INDEX; Schema: public; Owner: test
--

CREATE INDEX core_post_tags_tag_id_1a619a6d ON public.core_post_tags USING btree (tag_id);


--
-- Name: core_post_title_de6b518e; Type: INDEX; Schema: public; Owner: test
--

CREATE INDEX core_post_title_de6b518e ON public.core_post USING btree (title);


--
-- Name: core_post_title_de6b518e_like; Type: INDEX; Schema: public; Owner: test
--

CREATE INDEX core_post_title_de6b518e_like ON public.core_post USING btree (title varchar_pattern_ops);


--
-- Name: core_urlsub_tags_tag_id_04a2ee2b; Type: INDEX; Schema: public; Owner: test
--

CREATE INDEX core_urlsub_tags_tag_id_04a2ee2b ON public.core_urlsub_tags USING btree (tag_id);


--
-- Name: core_urlsub_tags_urlsub_id_a07b388a; Type: INDEX; Schema: public; Owner: test
--

CREATE INDEX core_urlsub_tags_urlsub_id_a07b388a ON public.core_urlsub_tags USING btree (urlsub_id);


--
-- Name: django_admin_log_content_type_id_c4bce8eb; Type: INDEX; Schema: public; Owner: test
--

CREATE INDEX django_admin_log_content_type_id_c4bce8eb ON public.django_admin_log USING btree (content_type_id);


--
-- Name: django_admin_log_user_id_c564eba6; Type: INDEX; Schema: public; Owner: test
--

CREATE INDEX django_admin_log_user_id_c564eba6 ON public.django_admin_log USING btree (user_id);


--
-- Name: django_cele_date_cr_bd6c1d_idx; Type: INDEX; Schema: public; Owner: test
--

CREATE INDEX django_cele_date_cr_bd6c1d_idx ON public.django_celery_results_groupresult USING btree (date_created);


--
-- Name: django_cele_date_cr_f04a50_idx; Type: INDEX; Schema: public; Owner: test
--

CREATE INDEX django_cele_date_cr_f04a50_idx ON public.django_celery_results_taskresult USING btree (date_created);


--
-- Name: django_cele_date_do_caae0e_idx; Type: INDEX; Schema: public; Owner: test
--

CREATE INDEX django_cele_date_do_caae0e_idx ON public.django_celery_results_groupresult USING btree (date_done);


--
-- Name: django_cele_date_do_f59aad_idx; Type: INDEX; Schema: public; Owner: test
--

CREATE INDEX django_cele_date_do_f59aad_idx ON public.django_celery_results_taskresult USING btree (date_done);


--
-- Name: django_cele_status_9b6201_idx; Type: INDEX; Schema: public; Owner: test
--

CREATE INDEX django_cele_status_9b6201_idx ON public.django_celery_results_taskresult USING btree (status);


--
-- Name: django_cele_task_na_08aec9_idx; Type: INDEX; Schema: public; Owner: test
--

CREATE INDEX django_cele_task_na_08aec9_idx ON public.django_celery_results_taskresult USING btree (task_name);


--
-- Name: django_cele_worker_d54dd8_idx; Type: INDEX; Schema: public; Owner: test
--

CREATE INDEX django_cele_worker_d54dd8_idx ON public.django_celery_results_taskresult USING btree (worker);


--
-- Name: django_celery_beat_periodictask_clocked_id_47a69f82; Type: INDEX; Schema: public; Owner: test
--

CREATE INDEX django_celery_beat_periodictask_clocked_id_47a69f82 ON public.django_celery_beat_periodictask USING btree (clocked_id);


--
-- Name: django_celery_beat_periodictask_crontab_id_d3cba168; Type: INDEX; Schema: public; Owner: test
--

CREATE INDEX django_celery_beat_periodictask_crontab_id_d3cba168 ON public.django_celery_beat_periodictask USING btree (crontab_id);


--
-- Name: django_celery_beat_periodictask_interval_id_a8ca27da; Type: INDEX; Schema: public; Owner: test
--

CREATE INDEX django_celery_beat_periodictask_interval_id_a8ca27da ON public.django_celery_beat_periodictask USING btree (interval_id);


--
-- Name: django_celery_beat_periodictask_name_265a36b7_like; Type: INDEX; Schema: public; Owner: test
--

CREATE INDEX django_celery_beat_periodictask_name_265a36b7_like ON public.django_celery_beat_periodictask USING btree (name varchar_pattern_ops);


--
-- Name: django_celery_beat_periodictask_solar_id_a87ce72c; Type: INDEX; Schema: public; Owner: test
--

CREATE INDEX django_celery_beat_periodictask_solar_id_a87ce72c ON public.django_celery_beat_periodictask USING btree (solar_id);


--
-- Name: django_celery_results_chordcounter_group_id_1f70858c_like; Type: INDEX; Schema: public; Owner: test
--

CREATE INDEX django_celery_results_chordcounter_group_id_1f70858c_like ON public.django_celery_results_chordcounter USING btree (group_id varchar_pattern_ops);


--
-- Name: django_celery_results_groupresult_group_id_a085f1a9_like; Type: INDEX; Schema: public; Owner: test
--

CREATE INDEX django_celery_results_groupresult_group_id_a085f1a9_like ON public.django_celery_results_groupresult USING btree (group_id varchar_pattern_ops);


--
-- Name: django_celery_results_taskresult_task_id_de0d95bf_like; Type: INDEX; Schema: public; Owner: test
--

CREATE INDEX django_celery_results_taskresult_task_id_de0d95bf_like ON public.django_celery_results_taskresult USING btree (task_id varchar_pattern_ops);


--
-- Name: django_session_expire_date_a5c62663; Type: INDEX; Schema: public; Owner: test
--

CREATE INDEX django_session_expire_date_a5c62663 ON public.django_session USING btree (expire_date);


--
-- Name: django_session_session_key_c0390e0f_like; Type: INDEX; Schema: public; Owner: test
--

CREATE INDEX django_session_session_key_c0390e0f_like ON public.django_session USING btree (session_key varchar_pattern_ops);


--
-- Name: scraping_news_link_29d4f71a_like; Type: INDEX; Schema: public; Owner: test
--

CREATE INDEX scraping_news_link_29d4f71a_like ON public.scraping_news USING btree (link varchar_pattern_ops);


--
-- Name: taggit_tag_name_58eb2ed9_like; Type: INDEX; Schema: public; Owner: test
--

CREATE INDEX taggit_tag_name_58eb2ed9_like ON public.taggit_tag USING btree (name varchar_pattern_ops);


--
-- Name: taggit_tag_slug_6be58b2c_like; Type: INDEX; Schema: public; Owner: test
--

CREATE INDEX taggit_tag_slug_6be58b2c_like ON public.taggit_tag USING btree (slug varchar_pattern_ops);


--
-- Name: taggit_taggeditem_content_type_id_9957a03c; Type: INDEX; Schema: public; Owner: test
--

CREATE INDEX taggit_taggeditem_content_type_id_9957a03c ON public.taggit_taggeditem USING btree (content_type_id);


--
-- Name: taggit_taggeditem_content_type_id_object_id_196cc965_idx; Type: INDEX; Schema: public; Owner: test
--

CREATE INDEX taggit_taggeditem_content_type_id_object_id_196cc965_idx ON public.taggit_taggeditem USING btree (content_type_id, object_id);


--
-- Name: taggit_taggeditem_object_id_e2d7d1df; Type: INDEX; Schema: public; Owner: test
--

CREATE INDEX taggit_taggeditem_object_id_e2d7d1df ON public.taggit_taggeditem USING btree (object_id);


--
-- Name: taggit_taggeditem_tag_id_f4f5b767; Type: INDEX; Schema: public; Owner: test
--

CREATE INDEX taggit_taggeditem_tag_id_f4f5b767 ON public.taggit_taggeditem USING btree (tag_id);


--
-- Name: users_user_email_243f6e77_like; Type: INDEX; Schema: public; Owner: test
--

CREATE INDEX users_user_email_243f6e77_like ON public.users_user USING btree (email varchar_pattern_ops);


--
-- Name: users_user_groups_group_id_9afc8d0e; Type: INDEX; Schema: public; Owner: test
--

CREATE INDEX users_user_groups_group_id_9afc8d0e ON public.users_user_groups USING btree (group_id);


--
-- Name: users_user_groups_user_id_5f6f5a90; Type: INDEX; Schema: public; Owner: test
--

CREATE INDEX users_user_groups_user_id_5f6f5a90 ON public.users_user_groups USING btree (user_id);


--
-- Name: users_user_user_permissions_permission_id_0b93982e; Type: INDEX; Schema: public; Owner: test
--

CREATE INDEX users_user_user_permissions_permission_id_0b93982e ON public.users_user_user_permissions USING btree (permission_id);


--
-- Name: users_user_user_permissions_user_id_20aca447; Type: INDEX; Schema: public; Owner: test
--

CREATE INDEX users_user_user_permissions_user_id_20aca447 ON public.users_user_user_permissions USING btree (user_id);


--
-- Name: users_user_username_06e46fe6_like; Type: INDEX; Schema: public; Owner: test
--

CREATE INDEX users_user_username_06e46fe6_like ON public.users_user USING btree (username varchar_pattern_ops);


--
-- Name: Search_searchhistory Search_searchhistory_user_id_26ad5c9b_fk_users_user_id; Type: FK CONSTRAINT; Schema: public; Owner: test
--

ALTER TABLE ONLY public."Search_searchhistory"
    ADD CONSTRAINT "Search_searchhistory_user_id_26ad5c9b_fk_users_user_id" FOREIGN KEY (user_id) REFERENCES public.users_user(id) DEFERRABLE INITIALLY DEFERRED;


--
-- Name: URLsub_urlsub URLsub_urlsub_username_id_d161186a_fk_users_user_id; Type: FK CONSTRAINT; Schema: public; Owner: test
--

ALTER TABLE ONLY public."URLsub_urlsub"
    ADD CONSTRAINT "URLsub_urlsub_username_id_d161186a_fk_users_user_id" FOREIGN KEY (username_id) REFERENCES public.users_user(id) DEFERRABLE INITIALLY DEFERRED;


--
-- Name: auth_group_permissions auth_group_permissio_permission_id_84c5c92e_fk_auth_perm; Type: FK CONSTRAINT; Schema: public; Owner: test
--

ALTER TABLE ONLY public.auth_group_permissions
    ADD CONSTRAINT auth_group_permissio_permission_id_84c5c92e_fk_auth_perm FOREIGN KEY (permission_id) REFERENCES public.auth_permission(id) DEFERRABLE INITIALLY DEFERRED;


--
-- Name: auth_group_permissions auth_group_permissions_group_id_b120cbf9_fk_auth_group_id; Type: FK CONSTRAINT; Schema: public; Owner: test
--

ALTER TABLE ONLY public.auth_group_permissions
    ADD CONSTRAINT auth_group_permissions_group_id_b120cbf9_fk_auth_group_id FOREIGN KEY (group_id) REFERENCES public.auth_group(id) DEFERRABLE INITIALLY DEFERRED;


--
-- Name: auth_permission auth_permission_content_type_id_2f476e4b_fk_django_co; Type: FK CONSTRAINT; Schema: public; Owner: test
--

ALTER TABLE ONLY public.auth_permission
    ADD CONSTRAINT auth_permission_content_type_id_2f476e4b_fk_django_co FOREIGN KEY (content_type_id) REFERENCES public.django_content_type(id) DEFERRABLE INITIALLY DEFERRED;


--
-- Name: core_blogfullrecommend_tags core_blogfullrecomme_blogfullrecommend_id_9fe3b5d0_fk_core_blog; Type: FK CONSTRAINT; Schema: public; Owner: test
--

ALTER TABLE ONLY public.core_blogfullrecommend_tags
    ADD CONSTRAINT core_blogfullrecomme_blogfullrecommend_id_9fe3b5d0_fk_core_blog FOREIGN KEY (blogfullrecommend_id) REFERENCES public.core_blogfullrecommend(id) DEFERRABLE INITIALLY DEFERRED;


--
-- Name: core_blogfullrecommend_tags core_blogfullrecommend_tags_tag_id_a1520fd5_fk_core_tag_id; Type: FK CONSTRAINT; Schema: public; Owner: test
--

ALTER TABLE ONLY public.core_blogfullrecommend_tags
    ADD CONSTRAINT core_blogfullrecommend_tags_tag_id_a1520fd5_fk_core_tag_id FOREIGN KEY (tag_id) REFERENCES public.core_tag(id) DEFERRABLE INITIALLY DEFERRED;


--
-- Name: core_comment core_comment_author_id_f7066c5e_fk_users_user_id; Type: FK CONSTRAINT; Schema: public; Owner: test
--

ALTER TABLE ONLY public.core_comment
    ADD CONSTRAINT core_comment_author_id_f7066c5e_fk_users_user_id FOREIGN KEY (author_id) REFERENCES public.users_user(id) DEFERRABLE INITIALLY DEFERRED;


--
-- Name: core_comment core_comment_post_id_a75a789c_fk_core_post_id; Type: FK CONSTRAINT; Schema: public; Owner: test
--

ALTER TABLE ONLY public.core_comment
    ADD CONSTRAINT core_comment_post_id_a75a789c_fk_core_post_id FOREIGN KEY (post_id) REFERENCES public.core_post(id) DEFERRABLE INITIALLY DEFERRED;


--
-- Name: core_like core_like_post_id_83b37050_fk_core_post_id; Type: FK CONSTRAINT; Schema: public; Owner: test
--

ALTER TABLE ONLY public.core_like
    ADD CONSTRAINT core_like_post_id_83b37050_fk_core_post_id FOREIGN KEY (post_id) REFERENCES public.core_post(id) DEFERRABLE INITIALLY DEFERRED;


--
-- Name: core_post core_post_author_id_083b751e_fk_users_user_id; Type: FK CONSTRAINT; Schema: public; Owner: test
--

ALTER TABLE ONLY public.core_post
    ADD CONSTRAINT core_post_author_id_083b751e_fk_users_user_id FOREIGN KEY (author_id) REFERENCES public.users_user(id) DEFERRABLE INITIALLY DEFERRED;


--
-- Name: core_post_tags core_post_tags_post_id_082a0a4e_fk_core_post_id; Type: FK CONSTRAINT; Schema: public; Owner: test
--

ALTER TABLE ONLY public.core_post_tags
    ADD CONSTRAINT core_post_tags_post_id_082a0a4e_fk_core_post_id FOREIGN KEY (post_id) REFERENCES public.core_post(id) DEFERRABLE INITIALLY DEFERRED;


--
-- Name: core_post_tags core_post_tags_tag_id_1a619a6d_fk_core_tag_id; Type: FK CONSTRAINT; Schema: public; Owner: test
--

ALTER TABLE ONLY public.core_post_tags
    ADD CONSTRAINT core_post_tags_tag_id_1a619a6d_fk_core_tag_id FOREIGN KEY (tag_id) REFERENCES public.core_tag(id) DEFERRABLE INITIALLY DEFERRED;


--
-- Name: core_urlsub_tags core_urlsub_tags_tag_id_04a2ee2b_fk_core_tag_id; Type: FK CONSTRAINT; Schema: public; Owner: test
--

ALTER TABLE ONLY public.core_urlsub_tags
    ADD CONSTRAINT core_urlsub_tags_tag_id_04a2ee2b_fk_core_tag_id FOREIGN KEY (tag_id) REFERENCES public.core_tag(id) DEFERRABLE INITIALLY DEFERRED;


--
-- Name: core_urlsub_tags core_urlsub_tags_urlsub_id_a07b388a_fk_core_urlsub_id; Type: FK CONSTRAINT; Schema: public; Owner: test
--

ALTER TABLE ONLY public.core_urlsub_tags
    ADD CONSTRAINT core_urlsub_tags_urlsub_id_a07b388a_fk_core_urlsub_id FOREIGN KEY (urlsub_id) REFERENCES public.core_urlsub(id) DEFERRABLE INITIALLY DEFERRED;


--
-- Name: django_admin_log django_admin_log_content_type_id_c4bce8eb_fk_django_co; Type: FK CONSTRAINT; Schema: public; Owner: test
--

ALTER TABLE ONLY public.django_admin_log
    ADD CONSTRAINT django_admin_log_content_type_id_c4bce8eb_fk_django_co FOREIGN KEY (content_type_id) REFERENCES public.django_content_type(id) DEFERRABLE INITIALLY DEFERRED;


--
-- Name: django_admin_log django_admin_log_user_id_c564eba6_fk_users_user_id; Type: FK CONSTRAINT; Schema: public; Owner: test
--

ALTER TABLE ONLY public.django_admin_log
    ADD CONSTRAINT django_admin_log_user_id_c564eba6_fk_users_user_id FOREIGN KEY (user_id) REFERENCES public.users_user(id) DEFERRABLE INITIALLY DEFERRED;


--
-- Name: django_celery_beat_periodictask django_celery_beat_p_clocked_id_47a69f82_fk_django_ce; Type: FK CONSTRAINT; Schema: public; Owner: test
--

ALTER TABLE ONLY public.django_celery_beat_periodictask
    ADD CONSTRAINT django_celery_beat_p_clocked_id_47a69f82_fk_django_ce FOREIGN KEY (clocked_id) REFERENCES public.django_celery_beat_clockedschedule(id) DEFERRABLE INITIALLY DEFERRED;


--
-- Name: django_celery_beat_periodictask django_celery_beat_p_crontab_id_d3cba168_fk_django_ce; Type: FK CONSTRAINT; Schema: public; Owner: test
--

ALTER TABLE ONLY public.django_celery_beat_periodictask
    ADD CONSTRAINT django_celery_beat_p_crontab_id_d3cba168_fk_django_ce FOREIGN KEY (crontab_id) REFERENCES public.django_celery_beat_crontabschedule(id) DEFERRABLE INITIALLY DEFERRED;


--
-- Name: django_celery_beat_periodictask django_celery_beat_p_interval_id_a8ca27da_fk_django_ce; Type: FK CONSTRAINT; Schema: public; Owner: test
--

ALTER TABLE ONLY public.django_celery_beat_periodictask
    ADD CONSTRAINT django_celery_beat_p_interval_id_a8ca27da_fk_django_ce FOREIGN KEY (interval_id) REFERENCES public.django_celery_beat_intervalschedule(id) DEFERRABLE INITIALLY DEFERRED;


--
-- Name: django_celery_beat_periodictask django_celery_beat_p_solar_id_a87ce72c_fk_django_ce; Type: FK CONSTRAINT; Schema: public; Owner: test
--

ALTER TABLE ONLY public.django_celery_beat_periodictask
    ADD CONSTRAINT django_celery_beat_p_solar_id_a87ce72c_fk_django_ce FOREIGN KEY (solar_id) REFERENCES public.django_celery_beat_solarschedule(id) DEFERRABLE INITIALLY DEFERRED;


--
-- Name: taggit_taggeditem taggit_taggeditem_content_type_id_9957a03c_fk_django_co; Type: FK CONSTRAINT; Schema: public; Owner: test
--

ALTER TABLE ONLY public.taggit_taggeditem
    ADD CONSTRAINT taggit_taggeditem_content_type_id_9957a03c_fk_django_co FOREIGN KEY (content_type_id) REFERENCES public.django_content_type(id) DEFERRABLE INITIALLY DEFERRED;


--
-- Name: taggit_taggeditem taggit_taggeditem_tag_id_f4f5b767_fk_taggit_tag_id; Type: FK CONSTRAINT; Schema: public; Owner: test
--

ALTER TABLE ONLY public.taggit_taggeditem
    ADD CONSTRAINT taggit_taggeditem_tag_id_f4f5b767_fk_taggit_tag_id FOREIGN KEY (tag_id) REFERENCES public.taggit_tag(id) DEFERRABLE INITIALLY DEFERRED;


--
-- Name: users_profile users_profile_user_id_2112e78d_fk_users_user_id; Type: FK CONSTRAINT; Schema: public; Owner: test
--

ALTER TABLE ONLY public.users_profile
    ADD CONSTRAINT users_profile_user_id_2112e78d_fk_users_user_id FOREIGN KEY (user_id) REFERENCES public.users_user(id) DEFERRABLE INITIALLY DEFERRED;


--
-- Name: users_user_groups users_user_groups_group_id_9afc8d0e_fk_auth_group_id; Type: FK CONSTRAINT; Schema: public; Owner: test
--

ALTER TABLE ONLY public.users_user_groups
    ADD CONSTRAINT users_user_groups_group_id_9afc8d0e_fk_auth_group_id FOREIGN KEY (group_id) REFERENCES public.auth_group(id) DEFERRABLE INITIALLY DEFERRED;


--
-- Name: users_user_groups users_user_groups_user_id_5f6f5a90_fk_users_user_id; Type: FK CONSTRAINT; Schema: public; Owner: test
--

ALTER TABLE ONLY public.users_user_groups
    ADD CONSTRAINT users_user_groups_user_id_5f6f5a90_fk_users_user_id FOREIGN KEY (user_id) REFERENCES public.users_user(id) DEFERRABLE INITIALLY DEFERRED;


--
-- Name: users_user_user_permissions users_user_user_perm_permission_id_0b93982e_fk_auth_perm; Type: FK CONSTRAINT; Schema: public; Owner: test
--

ALTER TABLE ONLY public.users_user_user_permissions
    ADD CONSTRAINT users_user_user_perm_permission_id_0b93982e_fk_auth_perm FOREIGN KEY (permission_id) REFERENCES public.auth_permission(id) DEFERRABLE INITIALLY DEFERRED;


--
-- Name: users_user_user_permissions users_user_user_permissions_user_id_20aca447_fk_users_user_id; Type: FK CONSTRAINT; Schema: public; Owner: test
--

ALTER TABLE ONLY public.users_user_user_permissions
    ADD CONSTRAINT users_user_user_permissions_user_id_20aca447_fk_users_user_id FOREIGN KEY (user_id) REFERENCES public.users_user(id) DEFERRABLE INITIALLY DEFERRED;


--
-- PostgreSQL database dump complete
--

